1,1.2899939157481632,1.1607933044433594,0,{'V': 30, 'estimator': 'pointwise_extrapolation_estimator', 'lamda': 1e-05, 'max_depth': 1, 'min_samples_split': 5, 'order': 0, 'r_range_low': 0, 'r_range_up': 1, 'splitter': 'maxedge', 'step': 1, 'truncate_ratio_low': 0, 'truncate_ratio_up': 1}
1,1.2511868987637893,1.150831699371338,1,{'V': 30, 'estimator': 'pointwise_extrapolation_estimator', 'lamda': 1e-05, 'max_depth': 1, 'min_samples_split': 5, 'order': 0, 'r_range_low': 0, 'r_range_up': 1, 'splitter': 'maxedge', 'step': 1, 'truncate_ratio_low': 0, 'truncate_ratio_up': 1}
1,1.192454380509042,1.1854381561279297,2,{'V': 30, 'estimator': 'pointwise_extrapolation_estimator', 'lamda': 1e-05, 'max_depth': 1, 'min_samples_split': 5, 'order': 0, 'r_range_low': 0, 'r_range_up': 1, 'splitter': 'maxedge', 'step': 1, 'truncate_ratio_low': 0, 'truncate_ratio_up': 1}
1,1.1975873213561807,1.145632266998291,3,{'V': 30, 'estimator': 'pointwise_extrapolation_estimator', 'lamda': 1e-05, 'max_depth': 1, 'min_samples_split': 5, 'order': 0, 'r_range_low': 0, 'r_range_up': 1, 'splitter': 'maxedge', 'step': 1, 'truncate_ratio_low': 0, 'truncate_ratio_up': 1}
1,1.2169117200036152,1.1413342952728271,4,{'V': 30, 'estimator': 'pointwise_extrapolation_estimator', 'lamda': 1e-05, 'max_depth': 1, 'min_samples_split': 5, 'order': 0, 'r_range_low': 0, 'r_range_up': 1, 'splitter': 'maxedge', 'step': 1, 'truncate_ratio_low': 0, 'truncate_ratio_up': 1}
1,1.236291065193811,1.142543077468872,5,{'V': 30, 'estimator': 'pointwise_extrapolation_estimator', 'lamda': 1e-05, 'max_depth': 1, 'min_samples_split': 5, 'order': 0, 'r_range_low': 0, 'r_range_up': 1, 'splitter': 'maxedge', 'step': 1, 'truncate_ratio_low': 0, 'truncate_ratio_up': 1}
1,1.2264704875048205,1.1507856845855713,6,{'V': 30, 'estimator': 'pointwise_extrapolation_estimator', 'lamda': 1e-05, 'max_depth': 1, 'min_samples_split': 5, 'order': 0, 'r_range_low': 0, 'r_range_up': 1, 'splitter': 'maxedge', 'step': 1, 'truncate_ratio_low': 0, 'truncate_ratio_up': 1}
1,1.2468482922108513,1.1730425357818604,7,{'V': 30, 'estimator': 'pointwise_extrapolation_estimator', 'lamda': 1e-05, 'max_depth': 1, 'min_samples_split': 5, 'order': 0, 'r_range_low': 0, 'r_range_up': 1, 'splitter': 'maxedge', 'step': 1, 'truncate_ratio_low': 0, 'truncate_ratio_up': 1}
1,1.226083524447918,1.171482801437378,8,{'V': 30, 'estimator': 'pointwise_extrapolation_estimator', 'lamda': 1e-05, 'max_depth': 1, 'min_samples_split': 5, 'order': 0, 'r_range_low': 0, 'r_range_up': 1, 'splitter': 'maxedge', 'step': 1, 'truncate_ratio_low': 0, 'truncate_ratio_up': 1}
1,1.2625576874734894,1.162003993988037,9,{'V': 30, 'estimator': 'pointwise_extrapolation_estimator', 'lamda': 1e-05, 'max_depth': 1, 'min_samples_split': 5, 'order': 0, 'r_range_low': 0, 'r_range_up': 1, 'splitter': 'maxedge', 'step': 1, 'truncate_ratio_low': 0, 'truncate_ratio_up': 1}
1,1.226050644353909,1.1596546173095703,10,{'V': 30, 'estimator': 'pointwise_extrapolation_estimator', 'lamda': 1e-05, 'max_depth': 1, 'min_samples_split': 5, 'order': 0, 'r_range_low': 0, 'r_range_up': 1, 'splitter': 'maxedge', 'step': 1, 'truncate_ratio_low': 0, 'truncate_ratio_up': 1}
1,1.2814620475150584,1.163238286972046,11,{'V': 30, 'estimator': 'pointwise_extrapolation_estimator', 'lamda': 1e-05, 'max_depth': 1, 'min_samples_split': 5, 'order': 0, 'r_range_low': 0, 'r_range_up': 1, 'splitter': 'maxedge', 'step': 1, 'truncate_ratio_low': 0, 'truncate_ratio_up': 1}
1,1.241266563540352,1.1617801189422607,12,{'V': 30, 'estimator': 'pointwise_extrapolation_estimator', 'lamda': 1e-05, 'max_depth': 1, 'min_samples_split': 5, 'order': 0, 'r_range_low': 0, 'r_range_up': 1, 'splitter': 'maxedge', 'step': 1, 'truncate_ratio_low': 0, 'truncate_ratio_up': 1}
1,1.1759599546829418,1.1816394329071045,13,{'V': 30, 'estimator': 'pointwise_extrapolation_estimator', 'lamda': 1e-05, 'max_depth': 1, 'min_samples_split': 5, 'order': 0, 'r_range_low': 0, 'r_range_up': 1, 'splitter': 'maxedge', 'step': 1, 'truncate_ratio_low': 0, 'truncate_ratio_up': 1}
1,1.186825003594824,1.1717867851257324,14,{'V': 30, 'estimator': 'pointwise_extrapolation_estimator', 'lamda': 1e-05, 'max_depth': 1, 'min_samples_split': 5, 'order': 0, 'r_range_low': 0, 'r_range_up': 1, 'splitter': 'maxedge', 'step': 1, 'truncate_ratio_low': 0, 'truncate_ratio_up': 1}
1,1.2179235866880829,1.153944969177246,15,{'V': 30, 'estimator': 'pointwise_extrapolation_estimator', 'lamda': 1e-05, 'max_depth': 1, 'min_samples_split': 5, 'order': 0, 'r_range_low': 0, 'r_range_up': 1, 'splitter': 'maxedge', 'step': 1, 'truncate_ratio_low': 0, 'truncate_ratio_up': 1}
1,1.2536487883430347,1.1513488292694092,16,{'V': 30, 'estimator': 'pointwise_extrapolation_estimator', 'lamda': 1e-05, 'max_depth': 1, 'min_samples_split': 5, 'order': 0, 'r_range_low': 0, 'r_range_up': 1, 'splitter': 'maxedge', 'step': 1, 'truncate_ratio_low': 0, 'truncate_ratio_up': 1}
1,1.204583902491673,1.1456575393676758,17,{'V': 30, 'estimator': 'pointwise_extrapolation_estimator', 'lamda': 1e-05, 'max_depth': 1, 'min_samples_split': 5, 'order': 0, 'r_range_low': 0, 'r_range_up': 1, 'splitter': 'maxedge', 'step': 1, 'truncate_ratio_low': 0, 'truncate_ratio_up': 1}
1,1.1943488795348884,1.1452417373657227,18,{'V': 30, 'estimator': 'pointwise_extrapolation_estimator', 'lamda': 1e-05, 'max_depth': 1, 'min_samples_split': 5, 'order': 0, 'r_range_low': 0, 'r_range_up': 1, 'splitter': 'maxedge', 'step': 1, 'truncate_ratio_low': 0, 'truncate_ratio_up': 1}
1,1.201679054628248,1.1720092296600342,19,{'V': 30, 'estimator': 'pointwise_extrapolation_estimator', 'lamda': 1e-05, 'max_depth': 1, 'min_samples_split': 5, 'order': 0, 'r_range_low': 0, 'r_range_up': 1, 'splitter': 'maxedge', 'step': 1, 'truncate_ratio_low': 0, 'truncate_ratio_up': 1}
1,1.1640874668377306,1.1815578937530518,0,{'V': 30, 'estimator': 'pointwise_extrapolation_estimator', 'lamda': 1e-05, 'max_depth': 1, 'min_samples_split': 5, 'order': 1, 'r_range_low': 0, 'r_range_up': 1, 'splitter': 'maxedge', 'step': 1, 'truncate_ratio_low': 0, 'truncate_ratio_up': 1}
1,1.1370189985525543,1.1592092514038086,1,{'V': 30, 'estimator': 'pointwise_extrapolation_estimator', 'lamda': 1e-05, 'max_depth': 1, 'min_samples_split': 5, 'order': 1, 'r_range_low': 0, 'r_range_up': 1, 'splitter': 'maxedge', 'step': 1, 'truncate_ratio_low': 0, 'truncate_ratio_up': 1}
1,1.1013044854322886,1.25685453414917,2,{'V': 30, 'estimator': 'pointwise_extrapolation_estimator', 'lamda': 1e-05, 'max_depth': 1, 'min_samples_split': 5, 'order': 1, 'r_range_low': 0, 'r_range_up': 1, 'splitter': 'maxedge', 'step': 1, 'truncate_ratio_low': 0, 'truncate_ratio_up': 1}
1,1.120542550305776,1.165370225906372,3,{'V': 30, 'estimator': 'pointwise_extrapolation_estimator', 'lamda': 1e-05, 'max_depth': 1, 'min_samples_split': 5, 'order': 1, 'r_range_low': 0, 'r_range_up': 1, 'splitter': 'maxedge', 'step': 1, 'truncate_ratio_low': 0, 'truncate_ratio_up': 1}
1,1.1741369370314958,1.1606557369232178,4,{'V': 30, 'estimator': 'pointwise_extrapolation_estimator', 'lamda': 1e-05, 'max_depth': 1, 'min_samples_split': 5, 'order': 1, 'r_range_low': 0, 'r_range_up': 1, 'splitter': 'maxedge', 'step': 1, 'truncate_ratio_low': 0, 'truncate_ratio_up': 1}
1,1.1235104674712095,1.1795778274536133,5,{'V': 30, 'estimator': 'pointwise_extrapolation_estimator', 'lamda': 1e-05, 'max_depth': 1, 'min_samples_split': 5, 'order': 1, 'r_range_low': 0, 'r_range_up': 1, 'splitter': 'maxedge', 'step': 1, 'truncate_ratio_low': 0, 'truncate_ratio_up': 1}
1,1.1784502561546106,1.2463579177856445,6,{'V': 30, 'estimator': 'pointwise_extrapolation_estimator', 'lamda': 1e-05, 'max_depth': 1, 'min_samples_split': 5, 'order': 1, 'r_range_low': 0, 'r_range_up': 1, 'splitter': 'maxedge', 'step': 1, 'truncate_ratio_low': 0, 'truncate_ratio_up': 1}
1,1.1446219083339193,1.1471312046051025,7,{'V': 30, 'estimator': 'pointwise_extrapolation_estimator', 'lamda': 1e-05, 'max_depth': 1, 'min_samples_split': 5, 'order': 1, 'r_range_low': 0, 'r_range_up': 1, 'splitter': 'maxedge', 'step': 1, 'truncate_ratio_low': 0, 'truncate_ratio_up': 1}
1,1.0875026274585124,1.155555248260498,8,{'V': 30, 'estimator': 'pointwise_extrapolation_estimator', 'lamda': 1e-05, 'max_depth': 1, 'min_samples_split': 5, 'order': 1, 'r_range_low': 0, 'r_range_up': 1, 'splitter': 'maxedge', 'step': 1, 'truncate_ratio_low': 0, 'truncate_ratio_up': 1}
1,1.142076955872369,1.1558811664581299,9,{'V': 30, 'estimator': 'pointwise_extrapolation_estimator', 'lamda': 1e-05, 'max_depth': 1, 'min_samples_split': 5, 'order': 1, 'r_range_low': 0, 'r_range_up': 1, 'splitter': 'maxedge', 'step': 1, 'truncate_ratio_low': 0, 'truncate_ratio_up': 1}
1,1.0804671260889374,1.1501212120056152,10,{'V': 30, 'estimator': 'pointwise_extrapolation_estimator', 'lamda': 1e-05, 'max_depth': 1, 'min_samples_split': 5, 'order': 1, 'r_range_low': 0, 'r_range_up': 1, 'splitter': 'maxedge', 'step': 1, 'truncate_ratio_low': 0, 'truncate_ratio_up': 1}
1,1.168052007133568,1.168367624282837,11,{'V': 30, 'estimator': 'pointwise_extrapolation_estimator', 'lamda': 1e-05, 'max_depth': 1, 'min_samples_split': 5, 'order': 1, 'r_range_low': 0, 'r_range_up': 1, 'splitter': 'maxedge', 'step': 1, 'truncate_ratio_low': 0, 'truncate_ratio_up': 1}
1,1.1055380126561698,1.1827707290649414,12,{'V': 30, 'estimator': 'pointwise_extrapolation_estimator', 'lamda': 1e-05, 'max_depth': 1, 'min_samples_split': 5, 'order': 1, 'r_range_low': 0, 'r_range_up': 1, 'splitter': 'maxedge', 'step': 1, 'truncate_ratio_low': 0, 'truncate_ratio_up': 1}
1,1.1175396169851668,1.1886341571807861,13,{'V': 30, 'estimator': 'pointwise_extrapolation_estimator', 'lamda': 1e-05, 'max_depth': 1, 'min_samples_split': 5, 'order': 1, 'r_range_low': 0, 'r_range_up': 1, 'splitter': 'maxedge', 'step': 1, 'truncate_ratio_low': 0, 'truncate_ratio_up': 1}
1,1.1074484664533433,1.1871869564056396,14,{'V': 30, 'estimator': 'pointwise_extrapolation_estimator', 'lamda': 1e-05, 'max_depth': 1, 'min_samples_split': 5, 'order': 1, 'r_range_low': 0, 'r_range_up': 1, 'splitter': 'maxedge', 'step': 1, 'truncate_ratio_low': 0, 'truncate_ratio_up': 1}
1,1.121722684863759,1.2582793235778809,15,{'V': 30, 'estimator': 'pointwise_extrapolation_estimator', 'lamda': 1e-05, 'max_depth': 1, 'min_samples_split': 5, 'order': 1, 'r_range_low': 0, 'r_range_up': 1, 'splitter': 'maxedge', 'step': 1, 'truncate_ratio_low': 0, 'truncate_ratio_up': 1}
1,1.163854854750381,1.1461949348449707,16,{'V': 25, 'estimator': 'pointwise_extrapolation_estimator', 'lamda': 1e-05, 'max_depth': 1, 'min_samples_split': 5, 'order': 1, 'r_range_low': 0, 'r_range_up': 1, 'splitter': 'maxedge', 'step': 1, 'truncate_ratio_low': 0, 'truncate_ratio_up': 1}
1,1.125612155360094,1.240218162536621,17,{'V': 30, 'estimator': 'pointwise_extrapolation_estimator', 'lamda': 1e-05, 'max_depth': 1, 'min_samples_split': 5, 'order': 1, 'r_range_low': 0, 'r_range_up': 1, 'splitter': 'maxedge', 'step': 1, 'truncate_ratio_low': 0, 'truncate_ratio_up': 1}
1,1.0916860318703718,1.1901965141296387,18,{'V': 30, 'estimator': 'pointwise_extrapolation_estimator', 'lamda': 1e-05, 'max_depth': 1, 'min_samples_split': 5, 'order': 1, 'r_range_low': 0, 'r_range_up': 1, 'splitter': 'maxedge', 'step': 1, 'truncate_ratio_low': 0, 'truncate_ratio_up': 1}
1,1.0304942615885109,1.1610908508300781,19,{'V': 30, 'estimator': 'pointwise_extrapolation_estimator', 'lamda': 1e-05, 'max_depth': 1, 'min_samples_split': 5, 'order': 1, 'r_range_low': 0, 'r_range_up': 1, 'splitter': 'maxedge', 'step': 1, 'truncate_ratio_low': 0, 'truncate_ratio_up': 1}
1,1.0904981093273884,1.1805167198181152,0,{'V': 30, 'estimator': 'pointwise_extrapolation_estimator', 'lamda': 1e-05, 'max_depth': 1, 'min_samples_split': 5, 'order': 2, 'r_range_low': 0, 'r_range_up': 1, 'splitter': 'maxedge', 'step': 1, 'truncate_ratio_low': 0, 'truncate_ratio_up': 1}
1,1.0822116087273324,1.1643526554107666,1,{'V': 30, 'estimator': 'pointwise_extrapolation_estimator', 'lamda': 1e-05, 'max_depth': 1, 'min_samples_split': 5, 'order': 2, 'r_range_low': 0, 'r_range_up': 1, 'splitter': 'maxedge', 'step': 1, 'truncate_ratio_low': 0, 'truncate_ratio_up': 1}
1,1.0451152184007382,1.171694040298462,2,{'V': 30, 'estimator': 'pointwise_extrapolation_estimator', 'lamda': 1e-05, 'max_depth': 1, 'min_samples_split': 5, 'order': 2, 'r_range_low': 0, 'r_range_up': 1, 'splitter': 'maxedge', 'step': 1, 'truncate_ratio_low': 0, 'truncate_ratio_up': 1}
1,1.0622368988390947,1.188317060470581,3,{'V': 30, 'estimator': 'pointwise_extrapolation_estimator', 'lamda': 1e-05, 'max_depth': 1, 'min_samples_split': 5, 'order': 2, 'r_range_low': 0, 'r_range_up': 1, 'splitter': 'maxedge', 'step': 1, 'truncate_ratio_low': 0, 'truncate_ratio_up': 1}
1,1.1009786210794401,1.183758020401001,4,{'V': 30, 'estimator': 'pointwise_extrapolation_estimator', 'lamda': 1e-05, 'max_depth': 1, 'min_samples_split': 5, 'order': 2, 'r_range_low': 0, 'r_range_up': 1, 'splitter': 'maxedge', 'step': 1, 'truncate_ratio_low': 0, 'truncate_ratio_up': 1}
1,1.0609806810924591,1.159088134765625,5,{'V': 30, 'estimator': 'pointwise_extrapolation_estimator', 'lamda': 1e-05, 'max_depth': 1, 'min_samples_split': 5, 'order': 2, 'r_range_low': 0, 'r_range_up': 1, 'splitter': 'maxedge', 'step': 1, 'truncate_ratio_low': 0, 'truncate_ratio_up': 1}
1,1.131726780473307,1.1538331508636475,6,{'V': 20, 'estimator': 'pointwise_extrapolation_estimator', 'lamda': 1e-05, 'max_depth': 1, 'min_samples_split': 5, 'order': 2, 'r_range_low': 0, 'r_range_up': 1, 'splitter': 'maxedge', 'step': 1, 'truncate_ratio_low': 0, 'truncate_ratio_up': 1}
1,1.0650678739333244,1.1577887535095215,7,{'V': 25, 'estimator': 'pointwise_extrapolation_estimator', 'lamda': 1e-05, 'max_depth': 1, 'min_samples_split': 5, 'order': 2, 'r_range_low': 0, 'r_range_up': 1, 'splitter': 'maxedge', 'step': 1, 'truncate_ratio_low': 0, 'truncate_ratio_up': 1}
1,1.0718955536646142,1.1695637702941895,8,{'V': 30, 'estimator': 'pointwise_extrapolation_estimator', 'lamda': 1e-05, 'max_depth': 1, 'min_samples_split': 5, 'order': 2, 'r_range_low': 0, 'r_range_up': 1, 'splitter': 'maxedge', 'step': 1, 'truncate_ratio_low': 0, 'truncate_ratio_up': 1}
1,1.0702864639148617,1.1729507446289062,9,{'V': 30, 'estimator': 'pointwise_extrapolation_estimator', 'lamda': 1e-05, 'max_depth': 1, 'min_samples_split': 5, 'order': 2, 'r_range_low': 0, 'r_range_up': 1, 'splitter': 'maxedge', 'step': 1, 'truncate_ratio_low': 0, 'truncate_ratio_up': 1}
1,1.0197701802038526,1.1814470291137695,10,{'V': 30, 'estimator': 'pointwise_extrapolation_estimator', 'lamda': 1e-05, 'max_depth': 1, 'min_samples_split': 5, 'order': 2, 'r_range_low': 0, 'r_range_up': 1, 'splitter': 'maxedge', 'step': 1, 'truncate_ratio_low': 0, 'truncate_ratio_up': 1}
1,1.0867492772366223,1.2257215976715088,11,{'V': 25, 'estimator': 'pointwise_extrapolation_estimator', 'lamda': 1e-05, 'max_depth': 1, 'min_samples_split': 5, 'order': 2, 'r_range_low': 0, 'r_range_up': 1, 'splitter': 'maxedge', 'step': 1, 'truncate_ratio_low': 0, 'truncate_ratio_up': 1}
1,1.0491956413306638,1.1750926971435547,12,{'V': 30, 'estimator': 'pointwise_extrapolation_estimator', 'lamda': 1e-05, 'max_depth': 1, 'min_samples_split': 5, 'order': 2, 'r_range_low': 0, 'r_range_up': 1, 'splitter': 'maxedge', 'step': 1, 'truncate_ratio_low': 0, 'truncate_ratio_up': 1}
1,1.054119925044585,1.2229745388031006,13,{'V': 25, 'estimator': 'pointwise_extrapolation_estimator', 'lamda': 1e-05, 'max_depth': 1, 'min_samples_split': 5, 'order': 2, 'r_range_low': 0, 'r_range_up': 1, 'splitter': 'maxedge', 'step': 1, 'truncate_ratio_low': 0, 'truncate_ratio_up': 1}
1,1.0977483106259227,1.1607909202575684,14,{'V': 30, 'estimator': 'pointwise_extrapolation_estimator', 'lamda': 1e-05, 'max_depth': 1, 'min_samples_split': 5, 'order': 2, 'r_range_low': 0, 'r_range_up': 1, 'splitter': 'maxedge', 'step': 1, 'truncate_ratio_low': 0, 'truncate_ratio_up': 1}
1,1.0586628133840632,1.1724646091461182,15,{'V': 30, 'estimator': 'pointwise_extrapolation_estimator', 'lamda': 1e-05, 'max_depth': 1, 'min_samples_split': 5, 'order': 2, 'r_range_low': 0, 'r_range_up': 1, 'splitter': 'maxedge', 'step': 1, 'truncate_ratio_low': 0, 'truncate_ratio_up': 1}
1,1.1129289058675758,1.2452843189239502,16,{'V': 25, 'estimator': 'pointwise_extrapolation_estimator', 'lamda': 1e-05, 'max_depth': 1, 'min_samples_split': 5, 'order': 2, 'r_range_low': 0, 'r_range_up': 1, 'splitter': 'maxedge', 'step': 1, 'truncate_ratio_low': 0, 'truncate_ratio_up': 1}
1,1.1387559454684915,1.1536502838134766,17,{'V': 30, 'estimator': 'pointwise_extrapolation_estimator', 'lamda': 1e-05, 'max_depth': 1, 'min_samples_split': 5, 'order': 2, 'r_range_low': 0, 'r_range_up': 1, 'splitter': 'maxedge', 'step': 1, 'truncate_ratio_low': 0, 'truncate_ratio_up': 1}
1,1.0392468188677126,1.162261724472046,18,{'V': 30, 'estimator': 'pointwise_extrapolation_estimator', 'lamda': 1e-05, 'max_depth': 1, 'min_samples_split': 5, 'order': 2, 'r_range_low': 0, 'r_range_up': 1, 'splitter': 'maxedge', 'step': 1, 'truncate_ratio_low': 0, 'truncate_ratio_up': 1}
1,1.013882319326207,1.167560338973999,19,{'V': 30, 'estimator': 'pointwise_extrapolation_estimator', 'lamda': 1e-05, 'max_depth': 1, 'min_samples_split': 5, 'order': 2, 'r_range_low': 0, 'r_range_up': 1, 'splitter': 'maxedge', 'step': 1, 'truncate_ratio_low': 0, 'truncate_ratio_up': 1}
1,1.0877535184211033,1.153348684310913,0,{'V': 25, 'estimator': 'pointwise_extrapolation_estimator', 'lamda': 1e-05, 'max_depth': 1, 'min_samples_split': 5, 'order': 3, 'r_range_low': 0, 'r_range_up': 1, 'splitter': 'maxedge', 'step': 1, 'truncate_ratio_low': 0, 'truncate_ratio_up': 1}
1,1.0497346602997741,1.1406705379486084,1,{'V': 15, 'estimator': 'pointwise_extrapolation_estimator', 'lamda': 1e-05, 'max_depth': 1, 'min_samples_split': 5, 'order': 3, 'r_range_low': 0, 'r_range_up': 1, 'splitter': 'maxedge', 'step': 1, 'truncate_ratio_low': 0, 'truncate_ratio_up': 1}
1,1.0101916186945705,1.2560667991638184,2,{'V': 30, 'estimator': 'pointwise_extrapolation_estimator', 'lamda': 1e-05, 'max_depth': 1, 'min_samples_split': 5, 'order': 3, 'r_range_low': 0, 'r_range_up': 1, 'splitter': 'maxedge', 'step': 1, 'truncate_ratio_low': 0, 'truncate_ratio_up': 1}
1,1.0233205472466766,1.242603063583374,3,{'V': 30, 'estimator': 'pointwise_extrapolation_estimator', 'lamda': 1e-05, 'max_depth': 1, 'min_samples_split': 5, 'order': 3, 'r_range_low': 0, 'r_range_up': 1, 'splitter': 'maxedge', 'step': 1, 'truncate_ratio_low': 0, 'truncate_ratio_up': 1}
1,1.040776882773747,1.142791509628296,4,{'V': 20, 'estimator': 'pointwise_extrapolation_estimator', 'lamda': 1e-05, 'max_depth': 1, 'min_samples_split': 5, 'order': 3, 'r_range_low': 0, 'r_range_up': 1, 'splitter': 'maxedge', 'step': 1, 'truncate_ratio_low': 0, 'truncate_ratio_up': 1}
1,1.0387959672552423,1.2469604015350342,5,{'V': 30, 'estimator': 'pointwise_extrapolation_estimator', 'lamda': 1e-05, 'max_depth': 1, 'min_samples_split': 5, 'order': 3, 'r_range_low': 0, 'r_range_up': 1, 'splitter': 'maxedge', 'step': 1, 'truncate_ratio_low': 0, 'truncate_ratio_up': 1}
1,1.0726735903825526,1.1485021114349365,6,{'V': 20, 'estimator': 'pointwise_extrapolation_estimator', 'lamda': 1e-05, 'max_depth': 1, 'min_samples_split': 5, 'order': 3, 'r_range_low': 0, 'r_range_up': 1, 'splitter': 'maxedge', 'step': 1, 'truncate_ratio_low': 0, 'truncate_ratio_up': 1}
1,1.022200919982203,1.1783101558685303,7,{'V': 25, 'estimator': 'pointwise_extrapolation_estimator', 'lamda': 1e-05, 'max_depth': 1, 'min_samples_split': 5, 'order': 3, 'r_range_low': 0, 'r_range_up': 1, 'splitter': 'maxedge', 'step': 1, 'truncate_ratio_low': 0, 'truncate_ratio_up': 1}
1,1.0929393331157855,1.148118495941162,8,{'V': 20, 'estimator': 'pointwise_extrapolation_estimator', 'lamda': 1e-05, 'max_depth': 1, 'min_samples_split': 5, 'order': 3, 'r_range_low': 0, 'r_range_up': 1, 'splitter': 'maxedge', 'step': 1, 'truncate_ratio_low': 0, 'truncate_ratio_up': 1}
1,1.0583993985337716,1.161303997039795,9,{'V': 25, 'estimator': 'pointwise_extrapolation_estimator', 'lamda': 1e-05, 'max_depth': 1, 'min_samples_split': 5, 'order': 3, 'r_range_low': 0, 'r_range_up': 1, 'splitter': 'maxedge', 'step': 1, 'truncate_ratio_low': 0, 'truncate_ratio_up': 1}
1,1.0226850815226558,1.2322235107421875,10,{'V': 30, 'estimator': 'pointwise_extrapolation_estimator', 'lamda': 1e-05, 'max_depth': 1, 'min_samples_split': 5, 'order': 3, 'r_range_low': 0, 'r_range_up': 1, 'splitter': 'maxedge', 'step': 1, 'truncate_ratio_low': 0, 'truncate_ratio_up': 1}
1,1.049880234826137,1.1273560523986816,11,{'V': 15, 'estimator': 'pointwise_extrapolation_estimator', 'lamda': 1e-05, 'max_depth': 1, 'min_samples_split': 5, 'order': 3, 'r_range_low': 0, 'r_range_up': 1, 'splitter': 'maxedge', 'step': 1, 'truncate_ratio_low': 0, 'truncate_ratio_up': 1}
1,1.0706379876492158,1.23561429977417,12,{'V': 30, 'estimator': 'pointwise_extrapolation_estimator', 'lamda': 1e-05, 'max_depth': 1, 'min_samples_split': 5, 'order': 3, 'r_range_low': 0, 'r_range_up': 1, 'splitter': 'maxedge', 'step': 1, 'truncate_ratio_low': 0, 'truncate_ratio_up': 1}
1,1.0281217177554984,1.1412277221679688,13,{'V': 15, 'estimator': 'pointwise_extrapolation_estimator', 'lamda': 1e-05, 'max_depth': 1, 'min_samples_split': 5, 'order': 3, 'r_range_low': 0, 'r_range_up': 1, 'splitter': 'maxedge', 'step': 1, 'truncate_ratio_low': 0, 'truncate_ratio_up': 1}
1,1.04992193765346,1.2148523330688477,14,{'V': 30, 'estimator': 'pointwise_extrapolation_estimator', 'lamda': 1e-05, 'max_depth': 1, 'min_samples_split': 5, 'order': 3, 'r_range_low': 0, 'r_range_up': 1, 'splitter': 'maxedge', 'step': 1, 'truncate_ratio_low': 0, 'truncate_ratio_up': 1}
1,1.0593531492253856,1.1398427486419678,15,{'V': 20, 'estimator': 'pointwise_extrapolation_estimator', 'lamda': 1e-05, 'max_depth': 1, 'min_samples_split': 5, 'order': 3, 'r_range_low': 0, 'r_range_up': 1, 'splitter': 'maxedge', 'step': 1, 'truncate_ratio_low': 0, 'truncate_ratio_up': 1}
1,1.0838697793937029,1.159668207168579,16,{'V': 25, 'estimator': 'pointwise_extrapolation_estimator', 'lamda': 1e-05, 'max_depth': 1, 'min_samples_split': 5, 'order': 3, 'r_range_low': 0, 'r_range_up': 1, 'splitter': 'maxedge', 'step': 1, 'truncate_ratio_low': 0, 'truncate_ratio_up': 1}
1,1.0978880966107074,1.2371764183044434,17,{'V': 30, 'estimator': 'pointwise_extrapolation_estimator', 'lamda': 1e-05, 'max_depth': 1, 'min_samples_split': 5, 'order': 3, 'r_range_low': 0, 'r_range_up': 1, 'splitter': 'maxedge', 'step': 1, 'truncate_ratio_low': 0, 'truncate_ratio_up': 1}
1,1.0276840557541995,1.1290433406829834,18,{'V': 15, 'estimator': 'pointwise_extrapolation_estimator', 'lamda': 1e-05, 'max_depth': 1, 'min_samples_split': 5, 'order': 3, 'r_range_low': 0, 'r_range_up': 1, 'splitter': 'maxedge', 'step': 1, 'truncate_ratio_low': 0, 'truncate_ratio_up': 1}
1,1.0623365375066385,1.1580445766448975,19,{'V': 20, 'estimator': 'pointwise_extrapolation_estimator', 'lamda': 1e-05, 'max_depth': 1, 'min_samples_split': 5, 'order': 3, 'r_range_low': 0, 'r_range_up': 1, 'splitter': 'maxedge', 'step': 1, 'truncate_ratio_low': 0, 'truncate_ratio_up': 1}
1,1.0987805194313718,1.1632194519042969,0,{'V': 20, 'estimator': 'pointwise_extrapolation_estimator', 'lamda': 1e-05, 'max_depth': 1, 'min_samples_split': 5, 'order': 4, 'r_range_low': 0, 'r_range_up': 1, 'splitter': 'maxedge', 'step': 1, 'truncate_ratio_low': 0, 'truncate_ratio_up': 1}
1,1.0406230287972011,1.13344144821167,1,{'V': 15, 'estimator': 'pointwise_extrapolation_estimator', 'lamda': 1e-05, 'max_depth': 1, 'min_samples_split': 5, 'order': 4, 'r_range_low': 0, 'r_range_up': 1, 'splitter': 'maxedge', 'step': 1, 'truncate_ratio_low': 0, 'truncate_ratio_up': 1}
1,1.0133825730494432,1.143423080444336,2,{'V': 15, 'estimator': 'pointwise_extrapolation_estimator', 'lamda': 1e-05, 'max_depth': 1, 'min_samples_split': 5, 'order': 4, 'r_range_low': 0, 'r_range_up': 1, 'splitter': 'maxedge', 'step': 1, 'truncate_ratio_low': 0, 'truncate_ratio_up': 1}
1,1.01907412352947,1.1349174976348877,3,{'V': 15, 'estimator': 'pointwise_extrapolation_estimator', 'lamda': 1e-05, 'max_depth': 1, 'min_samples_split': 5, 'order': 4, 'r_range_low': 0, 'r_range_up': 1, 'splitter': 'maxedge', 'step': 1, 'truncate_ratio_low': 0, 'truncate_ratio_up': 1}
1,1.0435636983136132,1.1610710620880127,4,{'V': 20, 'estimator': 'pointwise_extrapolation_estimator', 'lamda': 1e-05, 'max_depth': 1, 'min_samples_split': 5, 'order': 4, 'r_range_low': 0, 'r_range_up': 1, 'splitter': 'maxedge', 'step': 1, 'truncate_ratio_low': 0, 'truncate_ratio_up': 1}
1,1.041577196019235,1.156008005142212,5,{'V': 15, 'estimator': 'pointwise_extrapolation_estimator', 'lamda': 1e-05, 'max_depth': 1, 'min_samples_split': 5, 'order': 4, 'r_range_low': 0, 'r_range_up': 1, 'splitter': 'maxedge', 'step': 1, 'truncate_ratio_low': 0, 'truncate_ratio_up': 1}
1,1.068505685749265,1.144050121307373,6,{'V': 20, 'estimator': 'pointwise_extrapolation_estimator', 'lamda': 1e-05, 'max_depth': 1, 'min_samples_split': 5, 'order': 4, 'r_range_low': 0, 'r_range_up': 1, 'splitter': 'maxedge', 'step': 1, 'truncate_ratio_low': 0, 'truncate_ratio_up': 1}
1,1.0195313491575293,1.1244580745697021,7,{'V': 15, 'estimator': 'pointwise_extrapolation_estimator', 'lamda': 1e-05, 'max_depth': 1, 'min_samples_split': 5, 'order': 4, 'r_range_low': 0, 'r_range_up': 1, 'splitter': 'maxedge', 'step': 1, 'truncate_ratio_low': 0, 'truncate_ratio_up': 1}
1,1.0882350644800542,1.1444616317749023,8,{'V': 20, 'estimator': 'pointwise_extrapolation_estimator', 'lamda': 1e-05, 'max_depth': 1, 'min_samples_split': 5, 'order': 4, 'r_range_low': 0, 'r_range_up': 1, 'splitter': 'maxedge', 'step': 1, 'truncate_ratio_low': 0, 'truncate_ratio_up': 1}
1,1.0843820767884464,1.1699683666229248,9,{'V': 25, 'estimator': 'pointwise_extrapolation_estimator', 'lamda': 1e-05, 'max_depth': 1, 'min_samples_split': 5, 'order': 4, 'r_range_low': 0, 'r_range_up': 1, 'splitter': 'maxedge', 'step': 1, 'truncate_ratio_low': 0, 'truncate_ratio_up': 1}
1,1.0301182412960133,1.1256625652313232,10,{'V': 15, 'estimator': 'pointwise_extrapolation_estimator', 'lamda': 1e-05, 'max_depth': 1, 'min_samples_split': 5, 'order': 4, 'r_range_low': 0, 'r_range_up': 1, 'splitter': 'maxedge', 'step': 1, 'truncate_ratio_low': 0, 'truncate_ratio_up': 1}
1,1.0540880368037355,1.1471359729766846,11,{'V': 15, 'estimator': 'pointwise_extrapolation_estimator', 'lamda': 1e-05, 'max_depth': 1, 'min_samples_split': 5, 'order': 4, 'r_range_low': 0, 'r_range_up': 1, 'splitter': 'maxedge', 'step': 1, 'truncate_ratio_low': 0, 'truncate_ratio_up': 1}
1,1.084901176675937,1.1584126949310303,12,{'V': 20, 'estimator': 'pointwise_extrapolation_estimator', 'lamda': 1e-05, 'max_depth': 1, 'min_samples_split': 5, 'order': 4, 'r_range_low': 0, 'r_range_up': 1, 'splitter': 'maxedge', 'step': 1, 'truncate_ratio_low': 0, 'truncate_ratio_up': 1}
1,1.0267973930084104,1.1343729496002197,13,{'V': 15, 'estimator': 'pointwise_extrapolation_estimator', 'lamda': 1e-05, 'max_depth': 1, 'min_samples_split': 5, 'order': 4, 'r_range_low': 0, 'r_range_up': 1, 'splitter': 'maxedge', 'step': 1, 'truncate_ratio_low': 0, 'truncate_ratio_up': 1}
1,1.0340895978650984,1.2666666507720947,14,{'V': 30, 'estimator': 'pointwise_extrapolation_estimator', 'lamda': 1e-05, 'max_depth': 1, 'min_samples_split': 5, 'order': 4, 'r_range_low': 0, 'r_range_up': 1, 'splitter': 'maxedge', 'step': 1, 'truncate_ratio_low': 0, 'truncate_ratio_up': 1}
1,1.0576151737139723,1.163935661315918,15,{'V': 20, 'estimator': 'pointwise_extrapolation_estimator', 'lamda': 1e-05, 'max_depth': 1, 'min_samples_split': 5, 'order': 4, 'r_range_low': 0, 'r_range_up': 1, 'splitter': 'maxedge', 'step': 1, 'truncate_ratio_low': 0, 'truncate_ratio_up': 1}
1,1.0964093810429651,1.1320528984069824,16,{'V': 15, 'estimator': 'pointwise_extrapolation_estimator', 'lamda': 1e-05, 'max_depth': 1, 'min_samples_split': 5, 'order': 4, 'r_range_low': 0, 'r_range_up': 1, 'splitter': 'maxedge', 'step': 1, 'truncate_ratio_low': 0, 'truncate_ratio_up': 1}
1,1.097735510569647,1.2558929920196533,17,{'V': 30, 'estimator': 'pointwise_extrapolation_estimator', 'lamda': 1e-05, 'max_depth': 1, 'min_samples_split': 5, 'order': 4, 'r_range_low': 0, 'r_range_up': 1, 'splitter': 'maxedge', 'step': 1, 'truncate_ratio_low': 0, 'truncate_ratio_up': 1}
1,1.0265839467435731,1.16099214553833,18,{'V': 15, 'estimator': 'pointwise_extrapolation_estimator', 'lamda': 1e-05, 'max_depth': 1, 'min_samples_split': 5, 'order': 4, 'r_range_low': 0, 'r_range_up': 1, 'splitter': 'maxedge', 'step': 1, 'truncate_ratio_low': 0, 'truncate_ratio_up': 1}
1,1.0722838584054835,1.1659951210021973,19,{'V': 20, 'estimator': 'pointwise_extrapolation_estimator', 'lamda': 1e-05, 'max_depth': 1, 'min_samples_split': 5, 'order': 4, 'r_range_low': 0, 'r_range_up': 1, 'splitter': 'maxedge', 'step': 1, 'truncate_ratio_low': 0, 'truncate_ratio_up': 1}
1,1.177204749523686,0.4945049285888672,0,{'V': 25, 'estimator': 'pointwise_extrapolation_estimator', 'lamda': 1e-05, 'max_depth': 2, 'min_samples_split': 5, 'order': 0, 'r_range_low': 0, 'r_range_up': 1, 'splitter': 'maxedge', 'step': 1, 'truncate_ratio_low': 0, 'truncate_ratio_up': 1}
1,1.1316867078721595,0.49372005462646484,1,{'V': 30, 'estimator': 'pointwise_extrapolation_estimator', 'lamda': 1e-05, 'max_depth': 2, 'min_samples_split': 5, 'order': 0, 'r_range_low': 0, 'r_range_up': 1, 'splitter': 'maxedge', 'step': 1, 'truncate_ratio_low': 0, 'truncate_ratio_up': 1}
1,1.0577125264881966,0.5026228427886963,2,{'V': 30, 'estimator': 'pointwise_extrapolation_estimator', 'lamda': 1e-05, 'max_depth': 2, 'min_samples_split': 5, 'order': 0, 'r_range_low': 0, 'r_range_up': 1, 'splitter': 'maxedge', 'step': 1, 'truncate_ratio_low': 0, 'truncate_ratio_up': 1}
1,1.0717659203851702,0.49691009521484375,3,{'V': 30, 'estimator': 'pointwise_extrapolation_estimator', 'lamda': 1e-05, 'max_depth': 2, 'min_samples_split': 5, 'order': 0, 'r_range_low': 0, 'r_range_up': 1, 'splitter': 'maxedge', 'step': 1, 'truncate_ratio_low': 0, 'truncate_ratio_up': 1}
1,1.1225503588661898,0.5107622146606445,4,{'V': 30, 'estimator': 'pointwise_extrapolation_estimator', 'lamda': 1e-05, 'max_depth': 2, 'min_samples_split': 5, 'order': 0, 'r_range_low': 0, 'r_range_up': 1, 'splitter': 'maxedge', 'step': 1, 'truncate_ratio_low': 0, 'truncate_ratio_up': 1}
1,1.1203124596215446,0.4995996952056885,5,{'V': 30, 'estimator': 'pointwise_extrapolation_estimator', 'lamda': 1e-05, 'max_depth': 2, 'min_samples_split': 5, 'order': 0, 'r_range_low': 0, 'r_range_up': 1, 'splitter': 'maxedge', 'step': 1, 'truncate_ratio_low': 0, 'truncate_ratio_up': 1}
1,1.1448736862802418,0.47695136070251465,6,{'V': 20, 'estimator': 'pointwise_extrapolation_estimator', 'lamda': 1e-05, 'max_depth': 2, 'min_samples_split': 5, 'order': 0, 'r_range_low': 0, 'r_range_up': 1, 'splitter': 'maxedge', 'step': 1, 'truncate_ratio_low': 0, 'truncate_ratio_up': 1}
1,1.1232289897586143,0.5002188682556152,7,{'V': 30, 'estimator': 'pointwise_extrapolation_estimator', 'lamda': 1e-05, 'max_depth': 2, 'min_samples_split': 5, 'order': 0, 'r_range_low': 0, 'r_range_up': 1, 'splitter': 'maxedge', 'step': 1, 'truncate_ratio_low': 0, 'truncate_ratio_up': 1}
1,1.13922404951523,0.49150919914245605,8,{'V': 30, 'estimator': 'pointwise_extrapolation_estimator', 'lamda': 1e-05, 'max_depth': 2, 'min_samples_split': 5, 'order': 0, 'r_range_low': 0, 'r_range_up': 1, 'splitter': 'maxedge', 'step': 1, 'truncate_ratio_low': 0, 'truncate_ratio_up': 1}
1,1.1234907994670562,0.493070125579834,9,{'V': 30, 'estimator': 'pointwise_extrapolation_estimator', 'lamda': 1e-05, 'max_depth': 2, 'min_samples_split': 5, 'order': 0, 'r_range_low': 0, 'r_range_up': 1, 'splitter': 'maxedge', 'step': 1, 'truncate_ratio_low': 0, 'truncate_ratio_up': 1}
1,1.1000019639540166,0.492809534072876,10,{'V': 25, 'estimator': 'pointwise_extrapolation_estimator', 'lamda': 1e-05, 'max_depth': 2, 'min_samples_split': 5, 'order': 0, 'r_range_low': 0, 'r_range_up': 1, 'splitter': 'maxedge', 'step': 1, 'truncate_ratio_low': 0, 'truncate_ratio_up': 1}
1,1.1597410595846958,0.5030157566070557,11,{'V': 30, 'estimator': 'pointwise_extrapolation_estimator', 'lamda': 1e-05, 'max_depth': 2, 'min_samples_split': 5, 'order': 0, 'r_range_low': 0, 'r_range_up': 1, 'splitter': 'maxedge', 'step': 1, 'truncate_ratio_low': 0, 'truncate_ratio_up': 1}
1,1.1528307815538827,0.47870469093322754,12,{'V': 20, 'estimator': 'pointwise_extrapolation_estimator', 'lamda': 1e-05, 'max_depth': 2, 'min_samples_split': 5, 'order': 0, 'r_range_low': 0, 'r_range_up': 1, 'splitter': 'maxedge', 'step': 1, 'truncate_ratio_low': 0, 'truncate_ratio_up': 1}
1,1.0509243226017362,0.49865055084228516,13,{'V': 30, 'estimator': 'pointwise_extrapolation_estimator', 'lamda': 1e-05, 'max_depth': 2, 'min_samples_split': 5, 'order': 0, 'r_range_low': 0, 'r_range_up': 1, 'splitter': 'maxedge', 'step': 1, 'truncate_ratio_low': 0, 'truncate_ratio_up': 1}
1,1.079266545385577,0.49768996238708496,14,{'V': 30, 'estimator': 'pointwise_extrapolation_estimator', 'lamda': 1e-05, 'max_depth': 2, 'min_samples_split': 5, 'order': 0, 'r_range_low': 0, 'r_range_up': 1, 'splitter': 'maxedge', 'step': 1, 'truncate_ratio_low': 0, 'truncate_ratio_up': 1}
1,1.125454209085642,0.5001220703125,15,{'V': 30, 'estimator': 'pointwise_extrapolation_estimator', 'lamda': 1e-05, 'max_depth': 2, 'min_samples_split': 5, 'order': 0, 'r_range_low': 0, 'r_range_up': 1, 'splitter': 'maxedge', 'step': 1, 'truncate_ratio_low': 0, 'truncate_ratio_up': 1}
1,1.1549330204551342,0.511223554611206,16,{'V': 30, 'estimator': 'pointwise_extrapolation_estimator', 'lamda': 1e-05, 'max_depth': 2, 'min_samples_split': 5, 'order': 0, 'r_range_low': 0, 'r_range_up': 1, 'splitter': 'maxedge', 'step': 1, 'truncate_ratio_low': 0, 'truncate_ratio_up': 1}
1,1.1290280699630082,0.49548864364624023,17,{'V': 30, 'estimator': 'pointwise_extrapolation_estimator', 'lamda': 1e-05, 'max_depth': 2, 'min_samples_split': 5, 'order': 0, 'r_range_low': 0, 'r_range_up': 1, 'splitter': 'maxedge', 'step': 1, 'truncate_ratio_low': 0, 'truncate_ratio_up': 1}
1,1.0985220888160416,0.4883847236633301,18,{'V': 25, 'estimator': 'pointwise_extrapolation_estimator', 'lamda': 1e-05, 'max_depth': 2, 'min_samples_split': 5, 'order': 0, 'r_range_low': 0, 'r_range_up': 1, 'splitter': 'maxedge', 'step': 1, 'truncate_ratio_low': 0, 'truncate_ratio_up': 1}
1,1.084306675872488,0.49544334411621094,19,{'V': 30, 'estimator': 'pointwise_extrapolation_estimator', 'lamda': 1e-05, 'max_depth': 2, 'min_samples_split': 5, 'order': 0, 'r_range_low': 0, 'r_range_up': 1, 'splitter': 'maxedge', 'step': 1, 'truncate_ratio_low': 0, 'truncate_ratio_up': 1}
1,1.0779671335284402,0.48506617546081543,0,{'V': 20, 'estimator': 'pointwise_extrapolation_estimator', 'lamda': 1e-05, 'max_depth': 2, 'min_samples_split': 5, 'order': 1, 'r_range_low': 0, 'r_range_up': 1, 'splitter': 'maxedge', 'step': 1, 'truncate_ratio_low': 0, 'truncate_ratio_up': 1}
1,1.0514320449566057,0.4689929485321045,1,{'V': 15, 'estimator': 'pointwise_extrapolation_estimator', 'lamda': 1e-05, 'max_depth': 2, 'min_samples_split': 5, 'order': 1, 'r_range_low': 0, 'r_range_up': 1, 'splitter': 'maxedge', 'step': 1, 'truncate_ratio_low': 0, 'truncate_ratio_up': 1}
1,0.9971718368204562,0.5099058151245117,2,{'V': 30, 'estimator': 'pointwise_extrapolation_estimator', 'lamda': 1e-05, 'max_depth': 2, 'min_samples_split': 5, 'order': 1, 'r_range_low': 0, 'r_range_up': 1, 'splitter': 'maxedge', 'step': 1, 'truncate_ratio_low': 0, 'truncate_ratio_up': 1}
1,1.027760653400177,0.49587321281433105,3,{'V': 30, 'estimator': 'pointwise_extrapolation_estimator', 'lamda': 1e-05, 'max_depth': 2, 'min_samples_split': 5, 'order': 1, 'r_range_low': 0, 'r_range_up': 1, 'splitter': 'maxedge', 'step': 1, 'truncate_ratio_low': 0, 'truncate_ratio_up': 1}
1,1.060418850105884,0.47792553901672363,4,{'V': 20, 'estimator': 'pointwise_extrapolation_estimator', 'lamda': 1e-05, 'max_depth': 2, 'min_samples_split': 5, 'order': 1, 'r_range_low': 0, 'r_range_up': 1, 'splitter': 'maxedge', 'step': 1, 'truncate_ratio_low': 0, 'truncate_ratio_up': 1}
1,1.0352888518701238,0.4937283992767334,5,{'V': 30, 'estimator': 'pointwise_extrapolation_estimator', 'lamda': 1e-05, 'max_depth': 2, 'min_samples_split': 5, 'order': 1, 'r_range_low': 0, 'r_range_up': 1, 'splitter': 'maxedge', 'step': 1, 'truncate_ratio_low': 0, 'truncate_ratio_up': 1}
1,1.0757123292496749,0.4805331230163574,6,{'V': 20, 'estimator': 'pointwise_extrapolation_estimator', 'lamda': 1e-05, 'max_depth': 2, 'min_samples_split': 5, 'order': 1, 'r_range_low': 0, 'r_range_up': 1, 'splitter': 'maxedge', 'step': 1, 'truncate_ratio_low': 0, 'truncate_ratio_up': 1}
1,1.036360161586438,0.4882080554962158,7,{'V': 25, 'estimator': 'pointwise_extrapolation_estimator', 'lamda': 1e-05, 'max_depth': 2, 'min_samples_split': 5, 'order': 1, 'r_range_low': 0, 'r_range_up': 1, 'splitter': 'maxedge', 'step': 1, 'truncate_ratio_low': 0, 'truncate_ratio_up': 1}
1,1.0717102112965773,0.4908425807952881,8,{'V': 20, 'estimator': 'pointwise_extrapolation_estimator', 'lamda': 1e-05, 'max_depth': 2, 'min_samples_split': 5, 'order': 1, 'r_range_low': 0, 'r_range_up': 1, 'splitter': 'maxedge', 'step': 1, 'truncate_ratio_low': 0, 'truncate_ratio_up': 1}
1,1.0463139194396411,0.48169517517089844,9,{'V': 20, 'estimator': 'pointwise_extrapolation_estimator', 'lamda': 1e-05, 'max_depth': 2, 'min_samples_split': 5, 'order': 1, 'r_range_low': 0, 'r_range_up': 1, 'splitter': 'maxedge', 'step': 1, 'truncate_ratio_low': 0, 'truncate_ratio_up': 1}
1,1.0086278028484768,0.47805142402648926,10,{'V': 20, 'estimator': 'pointwise_extrapolation_estimator', 'lamda': 1e-05, 'max_depth': 2, 'min_samples_split': 5, 'order': 1, 'r_range_low': 0, 'r_range_up': 1, 'splitter': 'maxedge', 'step': 1, 'truncate_ratio_low': 0, 'truncate_ratio_up': 1}
1,1.0541311596354157,0.49667906761169434,11,{'V': 30, 'estimator': 'pointwise_extrapolation_estimator', 'lamda': 1e-05, 'max_depth': 2, 'min_samples_split': 5, 'order': 1, 'r_range_low': 0, 'r_range_up': 1, 'splitter': 'maxedge', 'step': 1, 'truncate_ratio_low': 0, 'truncate_ratio_up': 1}
1,1.0546549792628062,0.4898812770843506,12,{'V': 25, 'estimator': 'pointwise_extrapolation_estimator', 'lamda': 1e-05, 'max_depth': 2, 'min_samples_split': 5, 'order': 1, 'r_range_low': 0, 'r_range_up': 1, 'splitter': 'maxedge', 'step': 1, 'truncate_ratio_low': 0, 'truncate_ratio_up': 1}
1,1.0016296764635186,0.49784231185913086,13,{'V': 30, 'estimator': 'pointwise_extrapolation_estimator', 'lamda': 1e-05, 'max_depth': 2, 'min_samples_split': 5, 'order': 1, 'r_range_low': 0, 'r_range_up': 1, 'splitter': 'maxedge', 'step': 1, 'truncate_ratio_low': 0, 'truncate_ratio_up': 1}
1,1.051145639819599,0.47020435333251953,14,{'V': 15, 'estimator': 'pointwise_extrapolation_estimator', 'lamda': 1e-05, 'max_depth': 2, 'min_samples_split': 5, 'order': 1, 'r_range_low': 0, 'r_range_up': 1, 'splitter': 'maxedge', 'step': 1, 'truncate_ratio_low': 0, 'truncate_ratio_up': 1}
1,1.058917771029819,0.5307362079620361,15,{'V': 30, 'estimator': 'pointwise_extrapolation_estimator', 'lamda': 1e-05, 'max_depth': 2, 'min_samples_split': 5, 'order': 1, 'r_range_low': 0, 'r_range_up': 1, 'splitter': 'maxedge', 'step': 1, 'truncate_ratio_low': 0, 'truncate_ratio_up': 1}
1,1.0832749499285137,0.46973395347595215,16,{'V': 15, 'estimator': 'pointwise_extrapolation_estimator', 'lamda': 1e-05, 'max_depth': 2, 'min_samples_split': 5, 'order': 1, 'r_range_low': 0, 'r_range_up': 1, 'splitter': 'maxedge', 'step': 1, 'truncate_ratio_low': 0, 'truncate_ratio_up': 1}
1,1.0894526762941614,0.4647235870361328,17,{'V': 15, 'estimator': 'pointwise_extrapolation_estimator', 'lamda': 1e-05, 'max_depth': 2, 'min_samples_split': 5, 'order': 1, 'r_range_low': 0, 'r_range_up': 1, 'splitter': 'maxedge', 'step': 1, 'truncate_ratio_low': 0, 'truncate_ratio_up': 1}
1,1.027689304765639,0.48334550857543945,18,{'V': 25, 'estimator': 'pointwise_extrapolation_estimator', 'lamda': 1e-05, 'max_depth': 2, 'min_samples_split': 5, 'order': 1, 'r_range_low': 0, 'r_range_up': 1, 'splitter': 'maxedge', 'step': 1, 'truncate_ratio_low': 0, 'truncate_ratio_up': 1}
1,1.0104214502228799,0.4712796211242676,19,{'V': 20, 'estimator': 'pointwise_extrapolation_estimator', 'lamda': 1e-05, 'max_depth': 2, 'min_samples_split': 5, 'order': 1, 'r_range_low': 0, 'r_range_up': 1, 'splitter': 'maxedge', 'step': 1, 'truncate_ratio_low': 0, 'truncate_ratio_up': 1}
1,1.0779763532480449,0.4743838310241699,0,{'V': 20, 'estimator': 'pointwise_extrapolation_estimator', 'lamda': 1e-05, 'max_depth': 2, 'min_samples_split': 5, 'order': 2, 'r_range_low': 0, 'r_range_up': 1, 'splitter': 'maxedge', 'step': 1, 'truncate_ratio_low': 0, 'truncate_ratio_up': 1}
1,1.0417342991620877,0.46786069869995117,1,{'V': 15, 'estimator': 'pointwise_extrapolation_estimator', 'lamda': 1e-05, 'max_depth': 2, 'min_samples_split': 5, 'order': 2, 'r_range_low': 0, 'r_range_up': 1, 'splitter': 'maxedge', 'step': 1, 'truncate_ratio_low': 0, 'truncate_ratio_up': 1}
1,1.0011235860487862,0.5100054740905762,2,{'V': 30, 'estimator': 'pointwise_extrapolation_estimator', 'lamda': 1e-05, 'max_depth': 2, 'min_samples_split': 5, 'order': 2, 'r_range_low': 0, 'r_range_up': 1, 'splitter': 'maxedge', 'step': 1, 'truncate_ratio_low': 0, 'truncate_ratio_up': 1}
1,1.0127689051203437,0.5077850818634033,3,{'V': 30, 'estimator': 'pointwise_extrapolation_estimator', 'lamda': 1e-05, 'max_depth': 2, 'min_samples_split': 5, 'order': 2, 'r_range_low': 0, 'r_range_up': 1, 'splitter': 'maxedge', 'step': 1, 'truncate_ratio_low': 0, 'truncate_ratio_up': 1}
1,1.0525541697257381,0.46944379806518555,4,{'V': 15, 'estimator': 'pointwise_extrapolation_estimator', 'lamda': 1e-05, 'max_depth': 2, 'min_samples_split': 5, 'order': 2, 'r_range_low': 0, 'r_range_up': 1, 'splitter': 'maxedge', 'step': 1, 'truncate_ratio_low': 0, 'truncate_ratio_up': 1}
1,1.043208522977549,0.4672551155090332,5,{'V': 15, 'estimator': 'pointwise_extrapolation_estimator', 'lamda': 1e-05, 'max_depth': 2, 'min_samples_split': 5, 'order': 2, 'r_range_low': 0, 'r_range_up': 1, 'splitter': 'maxedge', 'step': 1, 'truncate_ratio_low': 0, 'truncate_ratio_up': 1}
1,1.071853493705163,0.48110342025756836,6,{'V': 20, 'estimator': 'pointwise_extrapolation_estimator', 'lamda': 1e-05, 'max_depth': 2, 'min_samples_split': 5, 'order': 2, 'r_range_low': 0, 'r_range_up': 1, 'splitter': 'maxedge', 'step': 1, 'truncate_ratio_low': 0, 'truncate_ratio_up': 1}
1,1.0237848986168314,0.4740138053894043,7,{'V': 15, 'estimator': 'pointwise_extrapolation_estimator', 'lamda': 1e-05, 'max_depth': 2, 'min_samples_split': 5, 'order': 2, 'r_range_low': 0, 'r_range_up': 1, 'splitter': 'maxedge', 'step': 1, 'truncate_ratio_low': 0, 'truncate_ratio_up': 1}
1,1.0702883196110766,0.47673487663269043,8,{'V': 20, 'estimator': 'pointwise_extrapolation_estimator', 'lamda': 1e-05, 'max_depth': 2, 'min_samples_split': 5, 'order': 2, 'r_range_low': 0, 'r_range_up': 1, 'splitter': 'maxedge', 'step': 1, 'truncate_ratio_low': 0, 'truncate_ratio_up': 1}
1,1.0684060359702465,0.5088949203491211,9,{'V': 30, 'estimator': 'pointwise_extrapolation_estimator', 'lamda': 1e-05, 'max_depth': 2, 'min_samples_split': 5, 'order': 2, 'r_range_low': 0, 'r_range_up': 1, 'splitter': 'maxedge', 'step': 1, 'truncate_ratio_low': 0, 'truncate_ratio_up': 1}
1,1.0143378938412138,0.4661107063293457,10,{'V': 15, 'estimator': 'pointwise_extrapolation_estimator', 'lamda': 1e-05, 'max_depth': 2, 'min_samples_split': 5, 'order': 2, 'r_range_low': 0, 'r_range_up': 1, 'splitter': 'maxedge', 'step': 1, 'truncate_ratio_low': 0, 'truncate_ratio_up': 1}
1,1.0386685597855616,0.46065449714660645,11,{'V': 15, 'estimator': 'pointwise_extrapolation_estimator', 'lamda': 1e-05, 'max_depth': 2, 'min_samples_split': 5, 'order': 2, 'r_range_low': 0, 'r_range_up': 1, 'splitter': 'maxedge', 'step': 1, 'truncate_ratio_low': 0, 'truncate_ratio_up': 1}
1,1.0696920073623217,0.4855477809906006,12,{'V': 25, 'estimator': 'pointwise_extrapolation_estimator', 'lamda': 1e-05, 'max_depth': 2, 'min_samples_split': 5, 'order': 2, 'r_range_low': 0, 'r_range_up': 1, 'splitter': 'maxedge', 'step': 1, 'truncate_ratio_low': 0, 'truncate_ratio_up': 1}
1,1.0198315349901308,0.4613974094390869,13,{'V': 15, 'estimator': 'pointwise_extrapolation_estimator', 'lamda': 1e-05, 'max_depth': 2, 'min_samples_split': 5, 'order': 2, 'r_range_low': 0, 'r_range_up': 1, 'splitter': 'maxedge', 'step': 1, 'truncate_ratio_low': 0, 'truncate_ratio_up': 1}
1,1.0392214190555003,0.46851491928100586,14,{'V': 15, 'estimator': 'pointwise_extrapolation_estimator', 'lamda': 1e-05, 'max_depth': 2, 'min_samples_split': 5, 'order': 2, 'r_range_low': 0, 'r_range_up': 1, 'splitter': 'maxedge', 'step': 1, 'truncate_ratio_low': 0, 'truncate_ratio_up': 1}
1,1.044895049546683,0.5152111053466797,15,{'V': 30, 'estimator': 'pointwise_extrapolation_estimator', 'lamda': 1e-05, 'max_depth': 2, 'min_samples_split': 5, 'order': 2, 'r_range_low': 0, 'r_range_up': 1, 'splitter': 'maxedge', 'step': 1, 'truncate_ratio_low': 0, 'truncate_ratio_up': 1}
1,1.0783942113407918,0.4703505039215088,16,{'V': 15, 'estimator': 'pointwise_extrapolation_estimator', 'lamda': 1e-05, 'max_depth': 2, 'min_samples_split': 5, 'order': 2, 'r_range_low': 0, 'r_range_up': 1, 'splitter': 'maxedge', 'step': 1, 'truncate_ratio_low': 0, 'truncate_ratio_up': 1}
1,1.0872698868016708,0.4666457176208496,17,{'V': 15, 'estimator': 'pointwise_extrapolation_estimator', 'lamda': 1e-05, 'max_depth': 2, 'min_samples_split': 5, 'order': 2, 'r_range_low': 0, 'r_range_up': 1, 'splitter': 'maxedge', 'step': 1, 'truncate_ratio_low': 0, 'truncate_ratio_up': 1}
1,1.0179280048116925,0.5289578437805176,18,{'V': 25, 'estimator': 'pointwise_extrapolation_estimator', 'lamda': 1e-05, 'max_depth': 2, 'min_samples_split': 5, 'order': 2, 'r_range_low': 0, 'r_range_up': 1, 'splitter': 'maxedge', 'step': 1, 'truncate_ratio_low': 0, 'truncate_ratio_up': 1}
1,1.053165981989529,0.4858570098876953,19,{'V': 25, 'estimator': 'pointwise_extrapolation_estimator', 'lamda': 1e-05, 'max_depth': 2, 'min_samples_split': 5, 'order': 2, 'r_range_low': 0, 'r_range_up': 1, 'splitter': 'maxedge', 'step': 1, 'truncate_ratio_low': 0, 'truncate_ratio_up': 1}
1,1.109526776539603,0.480804443359375,0,{'V': 20, 'estimator': 'pointwise_extrapolation_estimator', 'lamda': 1e-05, 'max_depth': 2, 'min_samples_split': 5, 'order': 3, 'r_range_low': 0, 'r_range_up': 1, 'splitter': 'maxedge', 'step': 1, 'truncate_ratio_low': 0, 'truncate_ratio_up': 1}
1,1.064306025333663,0.4826211929321289,1,{'V': 15, 'estimator': 'pointwise_extrapolation_estimator', 'lamda': 1e-05, 'max_depth': 2, 'min_samples_split': 5, 'order': 3, 'r_range_low': 0, 'r_range_up': 1, 'splitter': 'maxedge', 'step': 1, 'truncate_ratio_low': 0, 'truncate_ratio_up': 1}
1,1.0297660685744028,0.5486805438995361,2,{'V': 30, 'estimator': 'pointwise_extrapolation_estimator', 'lamda': 1e-05, 'max_depth': 2, 'min_samples_split': 5, 'order': 3, 'r_range_low': 0, 'r_range_up': 1, 'splitter': 'maxedge', 'step': 1, 'truncate_ratio_low': 0, 'truncate_ratio_up': 1}
1,1.0418549337863912,0.54451584815979,3,{'V': 30, 'estimator': 'pointwise_extrapolation_estimator', 'lamda': 1e-05, 'max_depth': 2, 'min_samples_split': 5, 'order': 3, 'r_range_low': 0, 'r_range_up': 1, 'splitter': 'maxedge', 'step': 1, 'truncate_ratio_low': 0, 'truncate_ratio_up': 1}
1,1.081227831308404,0.48985767364501953,4,{'V': 15, 'estimator': 'pointwise_extrapolation_estimator', 'lamda': 1e-05, 'max_depth': 2, 'min_samples_split': 5, 'order': 3, 'r_range_low': 0, 'r_range_up': 1, 'splitter': 'maxedge', 'step': 1, 'truncate_ratio_low': 0, 'truncate_ratio_up': 1}
1,1.1078380702701212,0.5508484840393066,5,{'V': 30, 'estimator': 'pointwise_extrapolation_estimator', 'lamda': 1e-05, 'max_depth': 2, 'min_samples_split': 5, 'order': 3, 'r_range_low': 0, 'r_range_up': 1, 'splitter': 'maxedge', 'step': 1, 'truncate_ratio_low': 0, 'truncate_ratio_up': 1}
1,1.0950200369247869,0.4779036045074463,6,{'V': 20, 'estimator': 'pointwise_extrapolation_estimator', 'lamda': 1e-05, 'max_depth': 2, 'min_samples_split': 5, 'order': 3, 'r_range_low': 0, 'r_range_up': 1, 'splitter': 'maxedge', 'step': 1, 'truncate_ratio_low': 0, 'truncate_ratio_up': 1}
1,1.043918096517711,0.48398876190185547,7,{'V': 15, 'estimator': 'pointwise_extrapolation_estimator', 'lamda': 1e-05, 'max_depth': 2, 'min_samples_split': 5, 'order': 3, 'r_range_low': 0, 'r_range_up': 1, 'splitter': 'maxedge', 'step': 1, 'truncate_ratio_low': 0, 'truncate_ratio_up': 1}
1,1.0962545289172132,0.4729180335998535,8,{'V': 20, 'estimator': 'pointwise_extrapolation_estimator', 'lamda': 1e-05, 'max_depth': 2, 'min_samples_split': 5, 'order': 3, 'r_range_low': 0, 'r_range_up': 1, 'splitter': 'maxedge', 'step': 1, 'truncate_ratio_low': 0, 'truncate_ratio_up': 1}
1,1.1037816137423981,0.545339822769165,9,{'V': 30, 'estimator': 'pointwise_extrapolation_estimator', 'lamda': 1e-05, 'max_depth': 2, 'min_samples_split': 5, 'order': 3, 'r_range_low': 0, 'r_range_up': 1, 'splitter': 'maxedge', 'step': 1, 'truncate_ratio_low': 0, 'truncate_ratio_up': 1}
1,1.0616601959265992,0.49642252922058105,10,{'V': 20, 'estimator': 'pointwise_extrapolation_estimator', 'lamda': 1e-05, 'max_depth': 2, 'min_samples_split': 5, 'order': 3, 'r_range_low': 0, 'r_range_up': 1, 'splitter': 'maxedge', 'step': 1, 'truncate_ratio_low': 0, 'truncate_ratio_up': 1}
1,1.0715002829303382,0.5611345767974854,11,{'V': 30, 'estimator': 'pointwise_extrapolation_estimator', 'lamda': 1e-05, 'max_depth': 2, 'min_samples_split': 5, 'order': 3, 'r_range_low': 0, 'r_range_up': 1, 'splitter': 'maxedge', 'step': 1, 'truncate_ratio_low': 0, 'truncate_ratio_up': 1}
1,1.1198265302789687,0.49318599700927734,12,{'V': 25, 'estimator': 'pointwise_extrapolation_estimator', 'lamda': 1e-05, 'max_depth': 2, 'min_samples_split': 5, 'order': 3, 'r_range_low': 0, 'r_range_up': 1, 'splitter': 'maxedge', 'step': 1, 'truncate_ratio_low': 0, 'truncate_ratio_up': 1}
1,1.0405693008380903,0.4908256530761719,13,{'V': 20, 'estimator': 'pointwise_extrapolation_estimator', 'lamda': 1e-05, 'max_depth': 2, 'min_samples_split': 5, 'order': 3, 'r_range_low': 0, 'r_range_up': 1, 'splitter': 'maxedge', 'step': 1, 'truncate_ratio_low': 0, 'truncate_ratio_up': 1}
1,1.0535736805720095,0.47592854499816895,14,{'V': 20, 'estimator': 'pointwise_extrapolation_estimator', 'lamda': 1e-05, 'max_depth': 2, 'min_samples_split': 5, 'order': 3, 'r_range_low': 0, 'r_range_up': 1, 'splitter': 'maxedge', 'step': 1, 'truncate_ratio_low': 0, 'truncate_ratio_up': 1}
1,1.0636075701461105,0.5476183891296387,15,{'V': 30, 'estimator': 'pointwise_extrapolation_estimator', 'lamda': 1e-05, 'max_depth': 2, 'min_samples_split': 5, 'order': 3, 'r_range_low': 0, 'r_range_up': 1, 'splitter': 'maxedge', 'step': 1, 'truncate_ratio_low': 0, 'truncate_ratio_up': 1}
1,1.129407979891974,0.5603640079498291,16,{'V': 30, 'estimator': 'pointwise_extrapolation_estimator', 'lamda': 1e-05, 'max_depth': 2, 'min_samples_split': 5, 'order': 3, 'r_range_low': 0, 'r_range_up': 1, 'splitter': 'maxedge', 'step': 1, 'truncate_ratio_low': 0, 'truncate_ratio_up': 1}
1,1.1473568549723174,0.48355841636657715,17,{'V': 15, 'estimator': 'pointwise_extrapolation_estimator', 'lamda': 1e-05, 'max_depth': 2, 'min_samples_split': 5, 'order': 3, 'r_range_low': 0, 'r_range_up': 1, 'splitter': 'maxedge', 'step': 1, 'truncate_ratio_low': 0, 'truncate_ratio_up': 1}
1,1.0539334781713774,0.5003693103790283,18,{'V': 25, 'estimator': 'pointwise_extrapolation_estimator', 'lamda': 1e-05, 'max_depth': 2, 'min_samples_split': 5, 'order': 3, 'r_range_low': 0, 'r_range_up': 1, 'splitter': 'maxedge', 'step': 1, 'truncate_ratio_low': 0, 'truncate_ratio_up': 1}
1,1.0987124123067826,0.4976224899291992,19,{'V': 25, 'estimator': 'pointwise_extrapolation_estimator', 'lamda': 1e-05, 'max_depth': 2, 'min_samples_split': 5, 'order': 3, 'r_range_low': 0, 'r_range_up': 1, 'splitter': 'maxedge', 'step': 1, 'truncate_ratio_low': 0, 'truncate_ratio_up': 1}
1,1.156428903241624,0.4917473793029785,0,{'V': 20, 'estimator': 'pointwise_extrapolation_estimator', 'lamda': 1e-05, 'max_depth': 2, 'min_samples_split': 5, 'order': 4, 'r_range_low': 0, 'r_range_up': 1, 'splitter': 'maxedge', 'step': 1, 'truncate_ratio_low': 0, 'truncate_ratio_up': 1}
1,1.0904476127392397,0.48285460472106934,1,{'V': 15, 'estimator': 'pointwise_extrapolation_estimator', 'lamda': 1e-05, 'max_depth': 2, 'min_samples_split': 5, 'order': 4, 'r_range_low': 0, 'r_range_up': 1, 'splitter': 'maxedge', 'step': 1, 'truncate_ratio_low': 0, 'truncate_ratio_up': 1}
1,1.0582444913760007,0.5509810447692871,2,{'V': 25, 'estimator': 'pointwise_extrapolation_estimator', 'lamda': 1e-05, 'max_depth': 2, 'min_samples_split': 5, 'order': 4, 'r_range_low': 0, 'r_range_up': 1, 'splitter': 'maxedge', 'step': 1, 'truncate_ratio_low': 0, 'truncate_ratio_up': 1}
1,1.0851333251851563,0.5606300830841064,3,{'V': 30, 'estimator': 'pointwise_extrapolation_estimator', 'lamda': 1e-05, 'max_depth': 2, 'min_samples_split': 5, 'order': 4, 'r_range_low': 0, 'r_range_up': 1, 'splitter': 'maxedge', 'step': 1, 'truncate_ratio_low': 0, 'truncate_ratio_up': 1}
1,1.1210076747807385,0.48569416999816895,4,{'V': 15, 'estimator': 'pointwise_extrapolation_estimator', 'lamda': 1e-05, 'max_depth': 2, 'min_samples_split': 5, 'order': 4, 'r_range_low': 0, 'r_range_up': 1, 'splitter': 'maxedge', 'step': 1, 'truncate_ratio_low': 0, 'truncate_ratio_up': 1}
1,1.1648125623939232,0.5600979328155518,5,{'V': 30, 'estimator': 'pointwise_extrapolation_estimator', 'lamda': 1e-05, 'max_depth': 2, 'min_samples_split': 5, 'order': 4, 'r_range_low': 0, 'r_range_up': 1, 'splitter': 'maxedge', 'step': 1, 'truncate_ratio_low': 0, 'truncate_ratio_up': 1}
1,1.1334059630891529,0.5341646671295166,6,{'V': 25, 'estimator': 'pointwise_extrapolation_estimator', 'lamda': 1e-05, 'max_depth': 2, 'min_samples_split': 5, 'order': 4, 'r_range_low': 0, 'r_range_up': 1, 'splitter': 'maxedge', 'step': 1, 'truncate_ratio_low': 0, 'truncate_ratio_up': 1}
1,1.066140583310235,0.48249149322509766,7,{'V': 15, 'estimator': 'pointwise_extrapolation_estimator', 'lamda': 1e-05, 'max_depth': 2, 'min_samples_split': 5, 'order': 4, 'r_range_low': 0, 'r_range_up': 1, 'splitter': 'maxedge', 'step': 1, 'truncate_ratio_low': 0, 'truncate_ratio_up': 1}
1,1.1313330912063548,0.5070736408233643,8,{'V': 20, 'estimator': 'pointwise_extrapolation_estimator', 'lamda': 1e-05, 'max_depth': 2, 'min_samples_split': 5, 'order': 4, 'r_range_low': 0, 'r_range_up': 1, 'splitter': 'maxedge', 'step': 1, 'truncate_ratio_low': 0, 'truncate_ratio_up': 1}
1,1.1167354551138289,0.48671817779541016,9,{'V': 15, 'estimator': 'pointwise_extrapolation_estimator', 'lamda': 1e-05, 'max_depth': 2, 'min_samples_split': 5, 'order': 4, 'r_range_low': 0, 'r_range_up': 1, 'splitter': 'maxedge', 'step': 1, 'truncate_ratio_low': 0, 'truncate_ratio_up': 1}
1,1.109697166519453,0.49552345275878906,10,{'V': 20, 'estimator': 'pointwise_extrapolation_estimator', 'lamda': 1e-05, 'max_depth': 2, 'min_samples_split': 5, 'order': 4, 'r_range_low': 0, 'r_range_up': 1, 'splitter': 'maxedge', 'step': 1, 'truncate_ratio_low': 0, 'truncate_ratio_up': 1}
1,1.1070666494052017,0.47702503204345703,11,{'V': 15, 'estimator': 'pointwise_extrapolation_estimator', 'lamda': 1e-05, 'max_depth': 2, 'min_samples_split': 5, 'order': 4, 'r_range_low': 0, 'r_range_up': 1, 'splitter': 'maxedge', 'step': 1, 'truncate_ratio_low': 0, 'truncate_ratio_up': 1}
1,1.1557953695956984,0.4827840328216553,12,{'V': 15, 'estimator': 'pointwise_extrapolation_estimator', 'lamda': 1e-05, 'max_depth': 2, 'min_samples_split': 5, 'order': 4, 'r_range_low': 0, 'r_range_up': 1, 'splitter': 'maxedge', 'step': 1, 'truncate_ratio_low': 0, 'truncate_ratio_up': 1}
1,1.0628368107784567,0.4945340156555176,13,{'V': 20, 'estimator': 'pointwise_extrapolation_estimator', 'lamda': 1e-05, 'max_depth': 2, 'min_samples_split': 5, 'order': 4, 'r_range_low': 0, 'r_range_up': 1, 'splitter': 'maxedge', 'step': 1, 'truncate_ratio_low': 0, 'truncate_ratio_up': 1}
1,1.0874967632452965,0.5089294910430908,14,{'V': 20, 'estimator': 'pointwise_extrapolation_estimator', 'lamda': 1e-05, 'max_depth': 2, 'min_samples_split': 5, 'order': 4, 'r_range_low': 0, 'r_range_up': 1, 'splitter': 'maxedge', 'step': 1, 'truncate_ratio_low': 0, 'truncate_ratio_up': 1}
1,1.1008804777421957,0.5617594718933105,15,{'V': 30, 'estimator': 'pointwise_extrapolation_estimator', 'lamda': 1e-05, 'max_depth': 2, 'min_samples_split': 5, 'order': 4, 'r_range_low': 0, 'r_range_up': 1, 'splitter': 'maxedge', 'step': 1, 'truncate_ratio_low': 0, 'truncate_ratio_up': 1}
1,1.1763740555422588,0.5660505294799805,16,{'V': 30, 'estimator': 'pointwise_extrapolation_estimator', 'lamda': 1e-05, 'max_depth': 2, 'min_samples_split': 5, 'order': 4, 'r_range_low': 0, 'r_range_up': 1, 'splitter': 'maxedge', 'step': 1, 'truncate_ratio_low': 0, 'truncate_ratio_up': 1}
1,1.200372755363653,0.4789125919342041,17,{'V': 15, 'estimator': 'pointwise_extrapolation_estimator', 'lamda': 1e-05, 'max_depth': 2, 'min_samples_split': 5, 'order': 4, 'r_range_low': 0, 'r_range_up': 1, 'splitter': 'maxedge', 'step': 1, 'truncate_ratio_low': 0, 'truncate_ratio_up': 1}
1,1.0951897255114211,0.5338714122772217,18,{'V': 25, 'estimator': 'pointwise_extrapolation_estimator', 'lamda': 1e-05, 'max_depth': 2, 'min_samples_split': 5, 'order': 4, 'r_range_low': 0, 'r_range_up': 1, 'splitter': 'maxedge', 'step': 1, 'truncate_ratio_low': 0, 'truncate_ratio_up': 1}
1,1.1367116229269973,0.5323092937469482,19,{'V': 25, 'estimator': 'pointwise_extrapolation_estimator', 'lamda': 1e-05, 'max_depth': 2, 'min_samples_split': 5, 'order': 4, 'r_range_low': 0, 'r_range_up': 1, 'splitter': 'maxedge', 'step': 1, 'truncate_ratio_low': 0, 'truncate_ratio_up': 1}
1,1.0853883162286933,0.2751626968383789,0,{'V': 25, 'estimator': 'pointwise_extrapolation_estimator', 'lamda': 1e-05, 'max_depth': 3, 'min_samples_split': 5, 'order': 0, 'r_range_low': 0, 'r_range_up': 1, 'splitter': 'maxedge', 'step': 1, 'truncate_ratio_low': 0, 'truncate_ratio_up': 1}
1,1.0700461207905825,0.2743501663208008,1,{'V': 30, 'estimator': 'pointwise_extrapolation_estimator', 'lamda': 1e-05, 'max_depth': 3, 'min_samples_split': 5, 'order': 0, 'r_range_low': 0, 'r_range_up': 1, 'splitter': 'maxedge', 'step': 1, 'truncate_ratio_low': 0, 'truncate_ratio_up': 1}
1,1.0152795410478646,0.2775280475616455,2,{'V': 30, 'estimator': 'pointwise_extrapolation_estimator', 'lamda': 1e-05, 'max_depth': 3, 'min_samples_split': 5, 'order': 0, 'r_range_low': 0, 'r_range_up': 1, 'splitter': 'maxedge', 'step': 1, 'truncate_ratio_low': 0, 'truncate_ratio_up': 1}
1,1.024198618992452,0.24392914772033691,3,{'V': 15, 'estimator': 'pointwise_extrapolation_estimator', 'lamda': 1e-05, 'max_depth': 3, 'min_samples_split': 5, 'order': 0, 'r_range_low': 0, 'r_range_up': 1, 'splitter': 'maxedge', 'step': 1, 'truncate_ratio_low': 0, 'truncate_ratio_up': 1}
1,1.0708572734173794,0.26873183250427246,4,{'V': 30, 'estimator': 'pointwise_extrapolation_estimator', 'lamda': 1e-05, 'max_depth': 3, 'min_samples_split': 5, 'order': 0, 'r_range_low': 0, 'r_range_up': 1, 'splitter': 'maxedge', 'step': 1, 'truncate_ratio_low': 0, 'truncate_ratio_up': 1}
1,1.0465455995176063,0.2632567882537842,5,{'V': 30, 'estimator': 'pointwise_extrapolation_estimator', 'lamda': 1e-05, 'max_depth': 3, 'min_samples_split': 5, 'order': 0, 'r_range_low': 0, 'r_range_up': 1, 'splitter': 'maxedge', 'step': 1, 'truncate_ratio_low': 0, 'truncate_ratio_up': 1}
1,1.0746098577875327,0.26697564125061035,6,{'V': 25, 'estimator': 'pointwise_extrapolation_estimator', 'lamda': 1e-05, 'max_depth': 3, 'min_samples_split': 5, 'order': 0, 'r_range_low': 0, 'r_range_up': 1, 'splitter': 'maxedge', 'step': 1, 'truncate_ratio_low': 0, 'truncate_ratio_up': 1}
1,1.0386813681328537,0.2680943012237549,7,{'V': 25, 'estimator': 'pointwise_extrapolation_estimator', 'lamda': 1e-05, 'max_depth': 3, 'min_samples_split': 5, 'order': 0, 'r_range_low': 0, 'r_range_up': 1, 'splitter': 'maxedge', 'step': 1, 'truncate_ratio_low': 0, 'truncate_ratio_up': 1}
1,1.076495935375371,0.26695990562438965,8,{'V': 20, 'estimator': 'pointwise_extrapolation_estimator', 'lamda': 1e-05, 'max_depth': 3, 'min_samples_split': 5, 'order': 0, 'r_range_low': 0, 'r_range_up': 1, 'splitter': 'maxedge', 'step': 1, 'truncate_ratio_low': 0, 'truncate_ratio_up': 1}
1,1.0620123836276882,0.2748689651489258,9,{'V': 30, 'estimator': 'pointwise_extrapolation_estimator', 'lamda': 1e-05, 'max_depth': 3, 'min_samples_split': 5, 'order': 0, 'r_range_low': 0, 'r_range_up': 1, 'splitter': 'maxedge', 'step': 1, 'truncate_ratio_low': 0, 'truncate_ratio_up': 1}
1,1.0247305914228968,0.2807047367095947,10,{'V': 25, 'estimator': 'pointwise_extrapolation_estimator', 'lamda': 1e-05, 'max_depth': 3, 'min_samples_split': 5, 'order': 0, 'r_range_low': 0, 'r_range_up': 1, 'splitter': 'maxedge', 'step': 1, 'truncate_ratio_low': 0, 'truncate_ratio_up': 1}
1,1.0799332521063298,0.2582831382751465,11,{'V': 20, 'estimator': 'pointwise_extrapolation_estimator', 'lamda': 1e-05, 'max_depth': 3, 'min_samples_split': 5, 'order': 0, 'r_range_low': 0, 'r_range_up': 1, 'splitter': 'maxedge', 'step': 1, 'truncate_ratio_low': 0, 'truncate_ratio_up': 1}
1,1.0675121354282668,0.27269792556762695,12,{'V': 30, 'estimator': 'pointwise_extrapolation_estimator', 'lamda': 1e-05, 'max_depth': 3, 'min_samples_split': 5, 'order': 0, 'r_range_low': 0, 'r_range_up': 1, 'splitter': 'maxedge', 'step': 1, 'truncate_ratio_low': 0, 'truncate_ratio_up': 1}
1,0.9903802224736243,0.26822972297668457,13,{'V': 25, 'estimator': 'pointwise_extrapolation_estimator', 'lamda': 1e-05, 'max_depth': 3, 'min_samples_split': 5, 'order': 0, 'r_range_low': 0, 'r_range_up': 1, 'splitter': 'maxedge', 'step': 1, 'truncate_ratio_low': 0, 'truncate_ratio_up': 1}
1,1.0486838677956456,0.26739025115966797,14,{'V': 25, 'estimator': 'pointwise_extrapolation_estimator', 'lamda': 1e-05, 'max_depth': 3, 'min_samples_split': 5, 'order': 0, 'r_range_low': 0, 'r_range_up': 1, 'splitter': 'maxedge', 'step': 1, 'truncate_ratio_low': 0, 'truncate_ratio_up': 1}
1,1.043191215848848,0.2720315456390381,15,{'V': 30, 'estimator': 'pointwise_extrapolation_estimator', 'lamda': 1e-05, 'max_depth': 3, 'min_samples_split': 5, 'order': 0, 'r_range_low': 0, 'r_range_up': 1, 'splitter': 'maxedge', 'step': 1, 'truncate_ratio_low': 0, 'truncate_ratio_up': 1}
1,1.0740744857622855,0.28168559074401855,16,{'V': 30, 'estimator': 'pointwise_extrapolation_estimator', 'lamda': 1e-05, 'max_depth': 3, 'min_samples_split': 5, 'order': 0, 'r_range_low': 0, 'r_range_up': 1, 'splitter': 'maxedge', 'step': 1, 'truncate_ratio_low': 0, 'truncate_ratio_up': 1}
1,1.0657822715149765,0.2729167938232422,17,{'V': 30, 'estimator': 'pointwise_extrapolation_estimator', 'lamda': 1e-05, 'max_depth': 3, 'min_samples_split': 5, 'order': 0, 'r_range_low': 0, 'r_range_up': 1, 'splitter': 'maxedge', 'step': 1, 'truncate_ratio_low': 0, 'truncate_ratio_up': 1}
1,1.014106953814707,0.2658271789550781,18,{'V': 25, 'estimator': 'pointwise_extrapolation_estimator', 'lamda': 1e-05, 'max_depth': 3, 'min_samples_split': 5, 'order': 0, 'r_range_low': 0, 'r_range_up': 1, 'splitter': 'maxedge', 'step': 1, 'truncate_ratio_low': 0, 'truncate_ratio_up': 1}
1,1.0379114141365537,0.2722179889678955,19,{'V': 30, 'estimator': 'pointwise_extrapolation_estimator', 'lamda': 1e-05, 'max_depth': 3, 'min_samples_split': 5, 'order': 0, 'r_range_low': 0, 'r_range_up': 1, 'splitter': 'maxedge', 'step': 1, 'truncate_ratio_low': 0, 'truncate_ratio_up': 1}
1,1.0760688893197146,0.26927924156188965,0,{'V': 25, 'estimator': 'pointwise_extrapolation_estimator', 'lamda': 1e-05, 'max_depth': 3, 'min_samples_split': 5, 'order': 1, 'r_range_low': 0, 'r_range_up': 1, 'splitter': 'maxedge', 'step': 1, 'truncate_ratio_low': 0, 'truncate_ratio_up': 1}
1,1.0385092632574717,0.26210570335388184,1,{'V': 20, 'estimator': 'pointwise_extrapolation_estimator', 'lamda': 1e-05, 'max_depth': 3, 'min_samples_split': 5, 'order': 1, 'r_range_low': 0, 'r_range_up': 1, 'splitter': 'maxedge', 'step': 1, 'truncate_ratio_low': 0, 'truncate_ratio_up': 1}
1,0.9851588898844464,0.28386688232421875,2,{'V': 25, 'estimator': 'pointwise_extrapolation_estimator', 'lamda': 1e-05, 'max_depth': 3, 'min_samples_split': 5, 'order': 1, 'r_range_low': 0, 'r_range_up': 1, 'splitter': 'maxedge', 'step': 1, 'truncate_ratio_low': 0, 'truncate_ratio_up': 1}
1,1.0138639476136682,0.25687623023986816,3,{'V': 15, 'estimator': 'pointwise_extrapolation_estimator', 'lamda': 1e-05, 'max_depth': 3, 'min_samples_split': 5, 'order': 1, 'r_range_low': 0, 'r_range_up': 1, 'splitter': 'maxedge', 'step': 1, 'truncate_ratio_low': 0, 'truncate_ratio_up': 1}
1,1.0447030966950246,0.2557675838470459,4,{'V': 15, 'estimator': 'pointwise_extrapolation_estimator', 'lamda': 1e-05, 'max_depth': 3, 'min_samples_split': 5, 'order': 1, 'r_range_low': 0, 'r_range_up': 1, 'splitter': 'maxedge', 'step': 1, 'truncate_ratio_low': 0, 'truncate_ratio_up': 1}
1,1.041182546937323,0.2828342914581299,5,{'V': 30, 'estimator': 'pointwise_extrapolation_estimator', 'lamda': 1e-05, 'max_depth': 3, 'min_samples_split': 5, 'order': 1, 'r_range_low': 0, 'r_range_up': 1, 'splitter': 'maxedge', 'step': 1, 'truncate_ratio_low': 0, 'truncate_ratio_up': 1}
1,1.0664137919039838,0.26605916023254395,6,{'V': 20, 'estimator': 'pointwise_extrapolation_estimator', 'lamda': 1e-05, 'max_depth': 3, 'min_samples_split': 5, 'order': 1, 'r_range_low': 0, 'r_range_up': 1, 'splitter': 'maxedge', 'step': 1, 'truncate_ratio_low': 0, 'truncate_ratio_up': 1}
1,1.024520071925624,0.27129530906677246,7,{'V': 25, 'estimator': 'pointwise_extrapolation_estimator', 'lamda': 1e-05, 'max_depth': 3, 'min_samples_split': 5, 'order': 1, 'r_range_low': 0, 'r_range_up': 1, 'splitter': 'maxedge', 'step': 1, 'truncate_ratio_low': 0, 'truncate_ratio_up': 1}
1,1.064579129007938,0.279541015625,8,{'V': 25, 'estimator': 'pointwise_extrapolation_estimator', 'lamda': 1e-05, 'max_depth': 3, 'min_samples_split': 5, 'order': 1, 'r_range_low': 0, 'r_range_up': 1, 'splitter': 'maxedge', 'step': 1, 'truncate_ratio_low': 0, 'truncate_ratio_up': 1}
1,1.0544798216710753,0.26111316680908203,9,{'V': 20, 'estimator': 'pointwise_extrapolation_estimator', 'lamda': 1e-05, 'max_depth': 3, 'min_samples_split': 5, 'order': 1, 'r_range_low': 0, 'r_range_up': 1, 'splitter': 'maxedge', 'step': 1, 'truncate_ratio_low': 0, 'truncate_ratio_up': 1}
1,1.012469260060629,0.2712576389312744,10,{'V': 25, 'estimator': 'pointwise_extrapolation_estimator', 'lamda': 1e-05, 'max_depth': 3, 'min_samples_split': 5, 'order': 1, 'r_range_low': 0, 'r_range_up': 1, 'splitter': 'maxedge', 'step': 1, 'truncate_ratio_low': 0, 'truncate_ratio_up': 1}
1,1.0442800691628642,0.2690873146057129,11,{'V': 15, 'estimator': 'pointwise_extrapolation_estimator', 'lamda': 1e-05, 'max_depth': 3, 'min_samples_split': 5, 'order': 1, 'r_range_low': 0, 'r_range_up': 1, 'splitter': 'maxedge', 'step': 1, 'truncate_ratio_low': 0, 'truncate_ratio_up': 1}
1,1.0567269625884852,0.26483941078186035,12,{'V': 20, 'estimator': 'pointwise_extrapolation_estimator', 'lamda': 1e-05, 'max_depth': 3, 'min_samples_split': 5, 'order': 1, 'r_range_low': 0, 'r_range_up': 1, 'splitter': 'maxedge', 'step': 1, 'truncate_ratio_low': 0, 'truncate_ratio_up': 1}
1,1.0267026358551554,0.2566678524017334,13,{'V': 15, 'estimator': 'pointwise_extrapolation_estimator', 'lamda': 1e-05, 'max_depth': 3, 'min_samples_split': 5, 'order': 1, 'r_range_low': 0, 'r_range_up': 1, 'splitter': 'maxedge', 'step': 1, 'truncate_ratio_low': 0, 'truncate_ratio_up': 1}
1,1.0266108361864157,0.28514766693115234,14,{'V': 25, 'estimator': 'pointwise_extrapolation_estimator', 'lamda': 1e-05, 'max_depth': 3, 'min_samples_split': 5, 'order': 1, 'r_range_low': 0, 'r_range_up': 1, 'splitter': 'maxedge', 'step': 1, 'truncate_ratio_low': 0, 'truncate_ratio_up': 1}
1,1.0429171443567509,0.2594606876373291,15,{'V': 20, 'estimator': 'pointwise_extrapolation_estimator', 'lamda': 1e-05, 'max_depth': 3, 'min_samples_split': 5, 'order': 1, 'r_range_low': 0, 'r_range_up': 1, 'splitter': 'maxedge', 'step': 1, 'truncate_ratio_low': 0, 'truncate_ratio_up': 1}
1,1.0622936108482457,0.2551701068878174,16,{'V': 15, 'estimator': 'pointwise_extrapolation_estimator', 'lamda': 1e-05, 'max_depth': 3, 'min_samples_split': 5, 'order': 1, 'r_range_low': 0, 'r_range_up': 1, 'splitter': 'maxedge', 'step': 1, 'truncate_ratio_low': 0, 'truncate_ratio_up': 1}
1,1.0744342136560587,0.27416396141052246,17,{'V': 25, 'estimator': 'pointwise_extrapolation_estimator', 'lamda': 1e-05, 'max_depth': 3, 'min_samples_split': 5, 'order': 1, 'r_range_low': 0, 'r_range_up': 1, 'splitter': 'maxedge', 'step': 1, 'truncate_ratio_low': 0, 'truncate_ratio_up': 1}
1,1.0095191797207306,0.2757301330566406,18,{'V': 25, 'estimator': 'pointwise_extrapolation_estimator', 'lamda': 1e-05, 'max_depth': 3, 'min_samples_split': 5, 'order': 1, 'r_range_low': 0, 'r_range_up': 1, 'splitter': 'maxedge', 'step': 1, 'truncate_ratio_low': 0, 'truncate_ratio_up': 1}
1,1.03602648325596,0.27724146842956543,19,{'V': 30, 'estimator': 'pointwise_extrapolation_estimator', 'lamda': 1e-05, 'max_depth': 3, 'min_samples_split': 5, 'order': 1, 'r_range_low': 0, 'r_range_up': 1, 'splitter': 'maxedge', 'step': 1, 'truncate_ratio_low': 0, 'truncate_ratio_up': 1}
1,1.1322945887325095,0.3070964813232422,0,{'V': 25, 'estimator': 'pointwise_extrapolation_estimator', 'lamda': 1e-05, 'max_depth': 3, 'min_samples_split': 5, 'order': 2, 'r_range_low': 0, 'r_range_up': 1, 'splitter': 'maxedge', 'step': 1, 'truncate_ratio_low': 0, 'truncate_ratio_up': 1}
1,1.0747944192020553,0.27758193016052246,1,{'V': 25, 'estimator': 'pointwise_extrapolation_estimator', 'lamda': 1e-05, 'max_depth': 3, 'min_samples_split': 5, 'order': 2, 'r_range_low': 0, 'r_range_up': 1, 'splitter': 'maxedge', 'step': 1, 'truncate_ratio_low': 0, 'truncate_ratio_up': 1}
1,1.0279803747153748,0.28020644187927246,2,{'V': 25, 'estimator': 'pointwise_extrapolation_estimator', 'lamda': 1e-05, 'max_depth': 3, 'min_samples_split': 5, 'order': 2, 'r_range_low': 0, 'r_range_up': 1, 'splitter': 'maxedge', 'step': 1, 'truncate_ratio_low': 0, 'truncate_ratio_up': 1}
1,1.0614288118850004,0.2581942081451416,3,{'V': 15, 'estimator': 'pointwise_extrapolation_estimator', 'lamda': 1e-05, 'max_depth': 3, 'min_samples_split': 5, 'order': 2, 'r_range_low': 0, 'r_range_up': 1, 'splitter': 'maxedge', 'step': 1, 'truncate_ratio_low': 0, 'truncate_ratio_up': 1}
1,1.0849468185943563,0.26334309577941895,4,{'V': 15, 'estimator': 'pointwise_extrapolation_estimator', 'lamda': 1e-05, 'max_depth': 3, 'min_samples_split': 5, 'order': 2, 'r_range_low': 0, 'r_range_up': 1, 'splitter': 'maxedge', 'step': 1, 'truncate_ratio_low': 0, 'truncate_ratio_up': 1}
1,1.1071154643452576,0.28601765632629395,5,{'V': 30, 'estimator': 'pointwise_extrapolation_estimator', 'lamda': 1e-05, 'max_depth': 3, 'min_samples_split': 5, 'order': 2, 'r_range_low': 0, 'r_range_up': 1, 'splitter': 'maxedge', 'step': 1, 'truncate_ratio_low': 0, 'truncate_ratio_up': 1}
1,1.1032881707513118,0.2801511287689209,6,{'V': 20, 'estimator': 'pointwise_extrapolation_estimator', 'lamda': 1e-05, 'max_depth': 3, 'min_samples_split': 5, 'order': 2, 'r_range_low': 0, 'r_range_up': 1, 'splitter': 'maxedge', 'step': 1, 'truncate_ratio_low': 0, 'truncate_ratio_up': 1}
1,1.0594602754470106,0.2720165252685547,7,{'V': 25, 'estimator': 'pointwise_extrapolation_estimator', 'lamda': 1e-05, 'max_depth': 3, 'min_samples_split': 5, 'order': 2, 'r_range_low': 0, 'r_range_up': 1, 'splitter': 'maxedge', 'step': 1, 'truncate_ratio_low': 0, 'truncate_ratio_up': 1}
1,1.0999054869650677,0.28560662269592285,8,{'V': 30, 'estimator': 'pointwise_extrapolation_estimator', 'lamda': 1e-05, 'max_depth': 3, 'min_samples_split': 5, 'order': 2, 'r_range_low': 0, 'r_range_up': 1, 'splitter': 'maxedge', 'step': 1, 'truncate_ratio_low': 0, 'truncate_ratio_up': 1}
1,1.1002803985160199,0.26204943656921387,9,{'V': 20, 'estimator': 'pointwise_extrapolation_estimator', 'lamda': 1e-05, 'max_depth': 3, 'min_samples_split': 5, 'order': 2, 'r_range_low': 0, 'r_range_up': 1, 'splitter': 'maxedge', 'step': 1, 'truncate_ratio_low': 0, 'truncate_ratio_up': 1}
1,1.0702312824356388,0.2913022041320801,10,{'V': 25, 'estimator': 'pointwise_extrapolation_estimator', 'lamda': 1e-05, 'max_depth': 3, 'min_samples_split': 5, 'order': 2, 'r_range_low': 0, 'r_range_up': 1, 'splitter': 'maxedge', 'step': 1, 'truncate_ratio_low': 0, 'truncate_ratio_up': 1}
1,1.1040431816259901,0.26416873931884766,11,{'V': 15, 'estimator': 'pointwise_extrapolation_estimator', 'lamda': 1e-05, 'max_depth': 3, 'min_samples_split': 5, 'order': 2, 'r_range_low': 0, 'r_range_up': 1, 'splitter': 'maxedge', 'step': 1, 'truncate_ratio_low': 0, 'truncate_ratio_up': 1}
1,1.1228183903995763,0.30369043350219727,12,{'V': 25, 'estimator': 'pointwise_extrapolation_estimator', 'lamda': 1e-05, 'max_depth': 3, 'min_samples_split': 5, 'order': 2, 'r_range_low': 0, 'r_range_up': 1, 'splitter': 'maxedge', 'step': 1, 'truncate_ratio_low': 0, 'truncate_ratio_up': 1}
1,1.0630844561602304,0.29398226737976074,13,{'V': 25, 'estimator': 'pointwise_extrapolation_estimator', 'lamda': 1e-05, 'max_depth': 3, 'min_samples_split': 5, 'order': 2, 'r_range_low': 0, 'r_range_up': 1, 'splitter': 'maxedge', 'step': 1, 'truncate_ratio_low': 0, 'truncate_ratio_up': 1}
1,1.055053671863239,0.2761387825012207,14,{'V': 25, 'estimator': 'pointwise_extrapolation_estimator', 'lamda': 1e-05, 'max_depth': 3, 'min_samples_split': 5, 'order': 2, 'r_range_low': 0, 'r_range_up': 1, 'splitter': 'maxedge', 'step': 1, 'truncate_ratio_low': 0, 'truncate_ratio_up': 1}
1,1.0755980336037598,0.26595616340637207,15,{'V': 20, 'estimator': 'pointwise_extrapolation_estimator', 'lamda': 1e-05, 'max_depth': 3, 'min_samples_split': 5, 'order': 2, 'r_range_low': 0, 'r_range_up': 1, 'splitter': 'maxedge', 'step': 1, 'truncate_ratio_low': 0, 'truncate_ratio_up': 1}
1,1.1115620066647944,0.25981879234313965,16,{'V': 15, 'estimator': 'pointwise_extrapolation_estimator', 'lamda': 1e-05, 'max_depth': 3, 'min_samples_split': 5, 'order': 2, 'r_range_low': 0, 'r_range_up': 1, 'splitter': 'maxedge', 'step': 1, 'truncate_ratio_low': 0, 'truncate_ratio_up': 1}
1,1.1370515570731743,0.27622222900390625,17,{'V': 25, 'estimator': 'pointwise_extrapolation_estimator', 'lamda': 1e-05, 'max_depth': 3, 'min_samples_split': 5, 'order': 2, 'r_range_low': 0, 'r_range_up': 1, 'splitter': 'maxedge', 'step': 1, 'truncate_ratio_low': 0, 'truncate_ratio_up': 1}
1,1.056759977897912,0.2816288471221924,18,{'V': 25, 'estimator': 'pointwise_extrapolation_estimator', 'lamda': 1e-05, 'max_depth': 3, 'min_samples_split': 5, 'order': 2, 'r_range_low': 0, 'r_range_up': 1, 'splitter': 'maxedge', 'step': 1, 'truncate_ratio_low': 0, 'truncate_ratio_up': 1}
1,1.0918626520883288,0.2877340316772461,19,{'V': 30, 'estimator': 'pointwise_extrapolation_estimator', 'lamda': 1e-05, 'max_depth': 3, 'min_samples_split': 5, 'order': 2, 'r_range_low': 0, 'r_range_up': 1, 'splitter': 'maxedge', 'step': 1, 'truncate_ratio_low': 0, 'truncate_ratio_up': 1}
1,1.2152872923405138,0.2709999084472656,0,{'V': 25, 'estimator': 'pointwise_extrapolation_estimator', 'lamda': 1e-05, 'max_depth': 3, 'min_samples_split': 5, 'order': 3, 'r_range_low': 0, 'r_range_up': 1, 'splitter': 'maxedge', 'step': 1, 'truncate_ratio_low': 0, 'truncate_ratio_up': 1}
1,1.1450918424466496,0.2729811668395996,1,{'V': 25, 'estimator': 'pointwise_extrapolation_estimator', 'lamda': 1e-05, 'max_depth': 3, 'min_samples_split': 5, 'order': 3, 'r_range_low': 0, 'r_range_up': 1, 'splitter': 'maxedge', 'step': 1, 'truncate_ratio_low': 0, 'truncate_ratio_up': 1}
1,1.1015455753452477,0.28014349937438965,2,{'V': 25, 'estimator': 'pointwise_extrapolation_estimator', 'lamda': 1e-05, 'max_depth': 3, 'min_samples_split': 5, 'order': 3, 'r_range_low': 0, 'r_range_up': 1, 'splitter': 'maxedge', 'step': 1, 'truncate_ratio_low': 0, 'truncate_ratio_up': 1}
1,1.1483668926868937,0.2650444507598877,3,{'V': 15, 'estimator': 'pointwise_extrapolation_estimator', 'lamda': 1e-05, 'max_depth': 3, 'min_samples_split': 5, 'order': 3, 'r_range_low': 0, 'r_range_up': 1, 'splitter': 'maxedge', 'step': 1, 'truncate_ratio_low': 0, 'truncate_ratio_up': 1}
1,1.1584715752895356,0.3175528049468994,4,{'V': 30, 'estimator': 'pointwise_extrapolation_estimator', 'lamda': 1e-05, 'max_depth': 3, 'min_samples_split': 5, 'order': 3, 'r_range_low': 0, 'r_range_up': 1, 'splitter': 'maxedge', 'step': 1, 'truncate_ratio_low': 0, 'truncate_ratio_up': 1}
1,1.196229101765145,0.30722880363464355,5,{'V': 30, 'estimator': 'pointwise_extrapolation_estimator', 'lamda': 1e-05, 'max_depth': 3, 'min_samples_split': 5, 'order': 3, 'r_range_low': 0, 'r_range_up': 1, 'splitter': 'maxedge', 'step': 1, 'truncate_ratio_low': 0, 'truncate_ratio_up': 1}
1,1.1706803791599278,0.3077065944671631,6,{'V': 30, 'estimator': 'pointwise_extrapolation_estimator', 'lamda': 1e-05, 'max_depth': 3, 'min_samples_split': 5, 'order': 3, 'r_range_low': 0, 'r_range_up': 1, 'splitter': 'maxedge', 'step': 1, 'truncate_ratio_low': 0, 'truncate_ratio_up': 1}
1,1.1171442539470349,0.27542614936828613,7,{'V': 25, 'estimator': 'pointwise_extrapolation_estimator', 'lamda': 1e-05, 'max_depth': 3, 'min_samples_split': 5, 'order': 3, 'r_range_low': 0, 'r_range_up': 1, 'splitter': 'maxedge', 'step': 1, 'truncate_ratio_low': 0, 'truncate_ratio_up': 1}
1,1.1763504732871701,0.28647398948669434,8,{'V': 25, 'estimator': 'pointwise_extrapolation_estimator', 'lamda': 1e-05, 'max_depth': 3, 'min_samples_split': 5, 'order': 3, 'r_range_low': 0, 'r_range_up': 1, 'splitter': 'maxedge', 'step': 1, 'truncate_ratio_low': 0, 'truncate_ratio_up': 1}
1,1.165061329538623,0.26270294189453125,9,{'V': 20, 'estimator': 'pointwise_extrapolation_estimator', 'lamda': 1e-05, 'max_depth': 3, 'min_samples_split': 5, 'order': 3, 'r_range_low': 0, 'r_range_up': 1, 'splitter': 'maxedge', 'step': 1, 'truncate_ratio_low': 0, 'truncate_ratio_up': 1}
1,1.143274954788375,0.2881321907043457,10,{'V': 25, 'estimator': 'pointwise_extrapolation_estimator', 'lamda': 1e-05, 'max_depth': 3, 'min_samples_split': 5, 'order': 3, 'r_range_low': 0, 'r_range_up': 1, 'splitter': 'maxedge', 'step': 1, 'truncate_ratio_low': 0, 'truncate_ratio_up': 1}
1,1.1970603420268362,0.27150559425354004,11,{'V': 15, 'estimator': 'pointwise_extrapolation_estimator', 'lamda': 1e-05, 'max_depth': 3, 'min_samples_split': 5, 'order': 3, 'r_range_low': 0, 'r_range_up': 1, 'splitter': 'maxedge', 'step': 1, 'truncate_ratio_low': 0, 'truncate_ratio_up': 1}
1,1.2041590234215882,0.2754964828491211,12,{'V': 25, 'estimator': 'pointwise_extrapolation_estimator', 'lamda': 1e-05, 'max_depth': 3, 'min_samples_split': 5, 'order': 3, 'r_range_low': 0, 'r_range_up': 1, 'splitter': 'maxedge', 'step': 1, 'truncate_ratio_low': 0, 'truncate_ratio_up': 1}
1,1.1087767491696772,0.27632904052734375,13,{'V': 25, 'estimator': 'pointwise_extrapolation_estimator', 'lamda': 1e-05, 'max_depth': 3, 'min_samples_split': 5, 'order': 3, 'r_range_low': 0, 'r_range_up': 1, 'splitter': 'maxedge', 'step': 1, 'truncate_ratio_low': 0, 'truncate_ratio_up': 1}
1,1.1237055560022668,0.2783024311065674,14,{'V': 25, 'estimator': 'pointwise_extrapolation_estimator', 'lamda': 1e-05, 'max_depth': 3, 'min_samples_split': 5, 'order': 3, 'r_range_low': 0, 'r_range_up': 1, 'splitter': 'maxedge', 'step': 1, 'truncate_ratio_low': 0, 'truncate_ratio_up': 1}
1,1.142319667857215,0.26050233840942383,15,{'V': 20, 'estimator': 'pointwise_extrapolation_estimator', 'lamda': 1e-05, 'max_depth': 3, 'min_samples_split': 5, 'order': 3, 'r_range_low': 0, 'r_range_up': 1, 'splitter': 'maxedge', 'step': 1, 'truncate_ratio_low': 0, 'truncate_ratio_up': 1}
1,1.1773700520309163,0.27970290184020996,16,{'V': 15, 'estimator': 'pointwise_extrapolation_estimator', 'lamda': 1e-05, 'max_depth': 3, 'min_samples_split': 5, 'order': 3, 'r_range_low': 0, 'r_range_up': 1, 'splitter': 'maxedge', 'step': 1, 'truncate_ratio_low': 0, 'truncate_ratio_up': 1}
1,1.2184183069798318,0.27433323860168457,17,{'V': 25, 'estimator': 'pointwise_extrapolation_estimator', 'lamda': 1e-05, 'max_depth': 3, 'min_samples_split': 5, 'order': 3, 'r_range_low': 0, 'r_range_up': 1, 'splitter': 'maxedge', 'step': 1, 'truncate_ratio_low': 0, 'truncate_ratio_up': 1}
1,1.119782744041968,0.27645325660705566,18,{'V': 25, 'estimator': 'pointwise_extrapolation_estimator', 'lamda': 1e-05, 'max_depth': 3, 'min_samples_split': 5, 'order': 3, 'r_range_low': 0, 'r_range_up': 1, 'splitter': 'maxedge', 'step': 1, 'truncate_ratio_low': 0, 'truncate_ratio_up': 1}
1,1.1693004313955269,0.3022933006286621,19,{'V': 30, 'estimator': 'pointwise_extrapolation_estimator', 'lamda': 1e-05, 'max_depth': 3, 'min_samples_split': 5, 'order': 3, 'r_range_low': 0, 'r_range_up': 1, 'splitter': 'maxedge', 'step': 1, 'truncate_ratio_low': 0, 'truncate_ratio_up': 1}
1,1.2923469677955537,0.30678319931030273,0,{'V': 25, 'estimator': 'pointwise_extrapolation_estimator', 'lamda': 1e-05, 'max_depth': 3, 'min_samples_split': 5, 'order': 4, 'r_range_low': 0, 'r_range_up': 1, 'splitter': 'maxedge', 'step': 1, 'truncate_ratio_low': 0, 'truncate_ratio_up': 1}
1,1.220337623324798,0.2965819835662842,1,{'V': 25, 'estimator': 'pointwise_extrapolation_estimator', 'lamda': 1e-05, 'max_depth': 3, 'min_samples_split': 5, 'order': 4, 'r_range_low': 0, 'r_range_up': 1, 'splitter': 'maxedge', 'step': 1, 'truncate_ratio_low': 0, 'truncate_ratio_up': 1}
1,1.1660720742845236,0.31269097328186035,2,{'V': 25, 'estimator': 'pointwise_extrapolation_estimator', 'lamda': 1e-05, 'max_depth': 3, 'min_samples_split': 5, 'order': 4, 'r_range_low': 0, 'r_range_up': 1, 'splitter': 'maxedge', 'step': 1, 'truncate_ratio_low': 0, 'truncate_ratio_up': 1}
1,1.22304886481667,0.26430225372314453,3,{'V': 15, 'estimator': 'pointwise_extrapolation_estimator', 'lamda': 1e-05, 'max_depth': 3, 'min_samples_split': 5, 'order': 4, 'r_range_low': 0, 'r_range_up': 1, 'splitter': 'maxedge', 'step': 1, 'truncate_ratio_low': 0, 'truncate_ratio_up': 1}
1,1.2302781205166562,0.2650279998779297,4,{'V': 15, 'estimator': 'pointwise_extrapolation_estimator', 'lamda': 1e-05, 'max_depth': 3, 'min_samples_split': 5, 'order': 4, 'r_range_low': 0, 'r_range_up': 1, 'splitter': 'maxedge', 'step': 1, 'truncate_ratio_low': 0, 'truncate_ratio_up': 1}
1,1.2876363958719523,0.27591609954833984,5,{'V': 20, 'estimator': 'pointwise_extrapolation_estimator', 'lamda': 1e-05, 'max_depth': 3, 'min_samples_split': 5, 'order': 4, 'r_range_low': 0, 'r_range_up': 1, 'splitter': 'maxedge', 'step': 1, 'truncate_ratio_low': 0, 'truncate_ratio_up': 1}
1,1.2260955691591597,0.27878665924072266,6,{'V': 20, 'estimator': 'pointwise_extrapolation_estimator', 'lamda': 1e-05, 'max_depth': 3, 'min_samples_split': 5, 'order': 4, 'r_range_low': 0, 'r_range_up': 1, 'splitter': 'maxedge', 'step': 1, 'truncate_ratio_low': 0, 'truncate_ratio_up': 1}
1,1.1772224477963964,0.30512428283691406,7,{'V': 25, 'estimator': 'pointwise_extrapolation_estimator', 'lamda': 1e-05, 'max_depth': 3, 'min_samples_split': 5, 'order': 4, 'r_range_low': 0, 'r_range_up': 1, 'splitter': 'maxedge', 'step': 1, 'truncate_ratio_low': 0, 'truncate_ratio_up': 1}
1,1.257672054816637,0.3114738464355469,8,{'V': 25, 'estimator': 'pointwise_extrapolation_estimator', 'lamda': 1e-05, 'max_depth': 3, 'min_samples_split': 5, 'order': 4, 'r_range_low': 0, 'r_range_up': 1, 'splitter': 'maxedge', 'step': 1, 'truncate_ratio_low': 0, 'truncate_ratio_up': 1}
1,1.225754077185021,0.2741236686706543,9,{'V': 20, 'estimator': 'pointwise_extrapolation_estimator', 'lamda': 1e-05, 'max_depth': 3, 'min_samples_split': 5, 'order': 4, 'r_range_low': 0, 'r_range_up': 1, 'splitter': 'maxedge', 'step': 1, 'truncate_ratio_low': 0, 'truncate_ratio_up': 1}
1,1.2277395158957085,0.30109715461730957,10,{'V': 25, 'estimator': 'pointwise_extrapolation_estimator', 'lamda': 1e-05, 'max_depth': 3, 'min_samples_split': 5, 'order': 4, 'r_range_low': 0, 'r_range_up': 1, 'splitter': 'maxedge', 'step': 1, 'truncate_ratio_low': 0, 'truncate_ratio_up': 1}
1,1.2592452548801518,0.25853848457336426,11,{'V': 15, 'estimator': 'pointwise_extrapolation_estimator', 'lamda': 1e-05, 'max_depth': 3, 'min_samples_split': 5, 'order': 4, 'r_range_low': 0, 'r_range_up': 1, 'splitter': 'maxedge', 'step': 1, 'truncate_ratio_low': 0, 'truncate_ratio_up': 1}
1,1.2944145319985367,0.2666294574737549,12,{'V': 15, 'estimator': 'pointwise_extrapolation_estimator', 'lamda': 1e-05, 'max_depth': 3, 'min_samples_split': 5, 'order': 4, 'r_range_low': 0, 'r_range_up': 1, 'splitter': 'maxedge', 'step': 1, 'truncate_ratio_low': 0, 'truncate_ratio_up': 1}
1,1.1578581475143894,0.2633533477783203,13,{'V': 20, 'estimator': 'pointwise_extrapolation_estimator', 'lamda': 1e-05, 'max_depth': 3, 'min_samples_split': 5, 'order': 4, 'r_range_low': 0, 'r_range_up': 1, 'splitter': 'maxedge', 'step': 1, 'truncate_ratio_low': 0, 'truncate_ratio_up': 1}
1,1.1877450433423082,0.31358790397644043,14,{'V': 25, 'estimator': 'pointwise_extrapolation_estimator', 'lamda': 1e-05, 'max_depth': 3, 'min_samples_split': 5, 'order': 4, 'r_range_low': 0, 'r_range_up': 1, 'splitter': 'maxedge', 'step': 1, 'truncate_ratio_low': 0, 'truncate_ratio_up': 1}
1,1.2228628532131827,0.2733583450317383,15,{'V': 20, 'estimator': 'pointwise_extrapolation_estimator', 'lamda': 1e-05, 'max_depth': 3, 'min_samples_split': 5, 'order': 4, 'r_range_low': 0, 'r_range_up': 1, 'splitter': 'maxedge', 'step': 1, 'truncate_ratio_low': 0, 'truncate_ratio_up': 1}
1,1.231569454472465,0.26726293563842773,16,{'V': 15, 'estimator': 'pointwise_extrapolation_estimator', 'lamda': 1e-05, 'max_depth': 3, 'min_samples_split': 5, 'order': 4, 'r_range_low': 0, 'r_range_up': 1, 'splitter': 'maxedge', 'step': 1, 'truncate_ratio_low': 0, 'truncate_ratio_up': 1}
1,1.2791877803883713,0.29938483238220215,17,{'V': 25, 'estimator': 'pointwise_extrapolation_estimator', 'lamda': 1e-05, 'max_depth': 3, 'min_samples_split': 5, 'order': 4, 'r_range_low': 0, 'r_range_up': 1, 'splitter': 'maxedge', 'step': 1, 'truncate_ratio_low': 0, 'truncate_ratio_up': 1}
1,1.1965221923770346,0.25811219215393066,18,{'V': 15, 'estimator': 'pointwise_extrapolation_estimator', 'lamda': 1e-05, 'max_depth': 3, 'min_samples_split': 5, 'order': 4, 'r_range_low': 0, 'r_range_up': 1, 'splitter': 'maxedge', 'step': 1, 'truncate_ratio_low': 0, 'truncate_ratio_up': 1}
1,1.2549556567615348,0.27463507652282715,19,{'V': 20, 'estimator': 'pointwise_extrapolation_estimator', 'lamda': 1e-05, 'max_depth': 3, 'min_samples_split': 5, 'order': 4, 'r_range_low': 0, 'r_range_up': 1, 'splitter': 'maxedge', 'step': 1, 'truncate_ratio_low': 0, 'truncate_ratio_up': 1}
